numero,nome,fonte,arquivo,pdf_pagina,tonalidade,compasso,andamento,voz_violino,oitava_violino,arcadas,ritornello,final,observacoes
1,"Cristo, meu Mestre...",Hinário CCB nº 5,Hinario-CCB-5-orgao_1_a_100.pdf,9,VALIDAÇÃO NECESSÁRIA,VALIDAÇÃO NECESSÁRIA,VALIDAÇÃO NECESSÁRIA,soprano,uma oitava acima,VALIDAÇÃO NECESSÁRIA,VALIDAÇÃO NECESSÁRIA,VALIDAÇÃO NECESSÁRIA,
2,De Deus tu és eleita,Hinário CCB nº 5,Hinario-CCB-5-orgao_1_a_100.pdf,10,VALIDAÇÃO NECESSÁRIA,VALIDAÇÃO NECESSÁRIA,VALIDAÇÃO NECESSÁRIA,soprano,uma oitava acima,VALIDAÇÃO NECESSÁRIA,VALIDAÇÃO NECESSÁRIA,VALIDAÇÃO NECESSÁRIA,
3,Faz-nos ouvir Tua voz,Hinário CCB nº 5,Hinario-CCB-5-orgao_1_a_100.pdf,11,VALIDAÇÃO NECESSÁRIA,VALIDAÇÃO NECESSÁRIA,VALIDAÇÃO NECESSÁRIA,soprano,uma oitava acima,VALIDAÇÃO NECESSÁRIA,VALIDAÇÃO NECESSÁRIA,VALIDAÇÃO NECESSÁRIA,
4,Ouve a nossa oração,Hinário CCB nº 5,Hinario-CCB-5-orgao_1_a_100.pdf,12,VALIDAÇÃO NECESSÁRIA,VALIDAÇÃO NECESSÁRIA,VALIDAÇÃO NECESSÁRIA,soprano,uma oitava acima,VALIDAÇÃO NECESSÁRIA,VALIDAÇÃO NECESSÁRIA,VALIDAÇÃO NECESSÁRIA,
5,A Rocha celestial,Hinário CCB nº 5,Hinario-CCB-5-orgao_1_a_100.pdf,13,VALIDAÇÃO NECESSÁRIA,VALIDAÇÃO NECESSÁRIA,VALIDAÇÃO NECESSÁRIA,soprano,uma oitava acima,VALIDAÇÃO NECESSÁRIA,VALIDAÇÃO NECESSÁRIA,VALIDAÇÃO NECESSÁRIA,
6,"Glória ao Justo, fiel Cordeiro!",Hinário CCB nº 5,Hinario-CCB-5-orgao_1_a_100.pdf,14,VALIDAÇÃO NECESSÁRIA,VALIDAÇÃO NECESSÁRIA,VALIDAÇÃO NECESSÁRIA,soprano,uma oitava acima,VALIDAÇÃO NECESSÁRIA,VALIDAÇÃO NECESSÁRIA,VALIDAÇÃO NECESSÁRIA,
7,"Granjeai, granjeai os talentos",Hinário CCB nº 5,Hinario-CCB-5-orgao_1_a_100.pdf,15,VALIDAÇÃO NECESSÁRIA,VALIDAÇÃO NECESSÁRIA,VALIDAÇÃO NECESSÁRIA,soprano,uma oitava acima,VALIDAÇÃO NECESSÁRIA,VALIDAÇÃO NECESSÁRIA,VALIDAÇÃO NECESSÁRIA,
8,"Oh! Vem, sim, vem",Hinário CCB nº 5,Hinario-CCB-5-orgao_1_a_100.pdf,16,VALIDAÇÃO NECESSÁRIA,VALIDAÇÃO NECESSÁRIA,VALIDAÇÃO NECESSÁRIA,soprano,uma oitava acima,VALIDAÇÃO NECESSÁRIA,VALIDAÇÃO NECESSÁRIA,VALIDAÇÃO NECESSÁRIA,
9,Luminosa é a senda,Hinário CCB nº 5,Hinario-CCB-5-orgao_1_a_100.pdf,17,VALIDAÇÃO NECESSÁRIA,VALIDAÇÃO NECESSÁRIA,VALIDAÇÃO NECESSÁRIA,soprano,uma oitava acima,VALIDAÇÃO NECESSÁRIA,VALIDAÇÃO NECESSÁRIA,VALIDAÇÃO NECESSÁRIA,
10,Prossegui vitoriosos em Cristo,Hinário CCB nº 5,Hinario-CCB-5-orgao_1_a_100.pdf,18,VALIDAÇÃO NECESSÁRIA,VALIDAÇÃO NECESSÁRIA,VALIDAÇÃO NECESSÁRIA,soprano,uma oitava acima,VALIDAÇÃO NECESSÁRIA,VALIDAÇÃO NECESSÁRIA,VALIDAÇÃO NECESSÁRIA,
11,"Ó igreja de Deus, resplandece",Hinário CCB nº 5,Hinario-CCB-5-orgao_1_a_100.pdf,19,VALIDAÇÃO NECESSÁRIA,VALIDAÇÃO NECESSÁRIA,VALIDAÇÃO NECESSÁRIA,soprano,uma oitava acima,VALIDAÇÃO NECESSÁRIA,VALIDAÇÃO NECESSÁRIA,VALIDAÇÃO NECESSÁRIA,
12,Sempre em Jesus confiarei,Hinário CCB nº 5,Hinario-CCB-5-orgao_1_a_100.pdf,20,VALIDAÇÃO NECESSÁRIA,VALIDAÇÃO NECESSÁRIA,VALIDAÇÃO NECESSÁRIA,soprano,uma oitava acima,VALIDAÇÃO NECESSÁRIA,VALIDAÇÃO NECESSÁRIA,VALIDAÇÃO NECESSÁRIA,
13,Confiemos em Deus,Hinário CCB nº 5,Hinario-CCB-5-orgao_1_a_100.pdf,21,VALIDAÇÃO NECESSÁRIA,VALIDAÇÃO NECESSÁRIA,VALIDAÇÃO NECESSÁRIA,soprano,uma oitava acima,VALIDAÇÃO NECESSÁRIA,VALIDAÇÃO NECESSÁRIA,VALIDAÇÃO NECESSÁRIA,
14,Manda os Teus dons celestes,Hinário CCB nº 5,Hinario-CCB-5-orgao_1_a_100.pdf,22,VALIDAÇÃO NECESSÁRIA,VALIDAÇÃO NECESSÁRIA,VALIDAÇÃO NECESSÁRIA,soprano,uma oitava acima,VALIDAÇÃO NECESSÁRIA,VALIDAÇÃO NECESSÁRIA,VALIDAÇÃO NECESSÁRIA,
15,Ó alma que choras,Hinário CCB nº 5,Hinario-CCB-5-orgao_1_a_100.pdf,23,VALIDAÇÃO NECESSÁRIA,VALIDAÇÃO NECESSÁRIA,VALIDAÇÃO NECESSÁRIA,soprano,uma oitava acima,VALIDAÇÃO NECESSÁRIA,VALIDAÇÃO NECESSÁRIA,VALIDAÇÃO NECESSÁRIA,
16,Promessa excelente,Hinário CCB nº 5,Hinario-CCB-5-orgao_1_a_100.pdf,24,VALIDAÇÃO NECESSÁRIA,VALIDAÇÃO NECESSÁRIA,VALIDAÇÃO NECESSÁRIA,soprano,uma oitava acima,VALIDAÇÃO NECESSÁRIA,VALIDAÇÃO NECESSÁRIA,VALIDAÇÃO NECESSÁRIA,
17,"Ó Senhor, vem visitar-me",Hinário CCB nº 5,Hinario-CCB-5-orgao_1_a_100.pdf,25,VALIDAÇÃO NECESSÁRIA,VALIDAÇÃO NECESSÁRIA,VALIDAÇÃO NECESSÁRIA,soprano,uma oitava acima,VALIDAÇÃO NECESSÁRIA,VALIDAÇÃO NECESSÁRIA,VALIDAÇÃO NECESSÁRIA,
18,É Jesus meu Refúgio,Hinário CCB nº 5,Hinario-CCB-5-orgao_1_a_100.pdf,26,VALIDAÇÃO NECESSÁRIA,VALIDAÇÃO NECESSÁRIA,VALIDAÇÃO NECESSÁRIA,soprano,uma oitava acima,VALIDAÇÃO NECESSÁRIA,VALIDAÇÃO NECESSÁRIA,VALIDAÇÃO NECESSÁRIA,
19,Manda-nos Teu Poder,Hinário CCB nº 5,Hinario-CCB-5-orgao_1_a_100.pdf,28,VALIDAÇÃO NECESSÁRIA,VALIDAÇÃO NECESSÁRIA,VALIDAÇÃO NECESSÁRIA,soprano,uma oitava acima,VALIDAÇÃO NECESSÁRIA,VALIDAÇÃO NECESSÁRIA,VALIDAÇÃO NECESSÁRIA,
20,Teu Espírito derrama,Hinário CCB nº 5,Hinario-CCB-5-orgao_1_a_100.pdf,29,VALIDAÇÃO NECESSÁRIA,VALIDAÇÃO NECESSÁRIA,VALIDAÇÃO NECESSÁRIA,soprano,uma oitava acima,VALIDAÇÃO NECESSÁRIA,VALIDAÇÃO NECESSÁRIA,VALIDAÇÃO NECESSÁRIA,
21,Não mais oprimidos seremos,Hinário CCB nº 5,Hinario-CCB-5-orgao_1_a_100.pdf,30,VALIDAÇÃO NECESSÁRIA,VALIDAÇÃO NECESSÁRIA,VALIDAÇÃO NECESSÁRIA,soprano,uma oitava acima,VALIDAÇÃO NECESSÁRIA,VALIDAÇÃO NECESSÁRIA,VALIDAÇÃO NECESSÁRIA,
22,"Guia-me, ó Senhor",Hinário CCB nº 5,Hinario-CCB-5-orgao_1_a_100.pdf,32,VALIDAÇÃO NECESSÁRIA,VALIDAÇÃO NECESSÁRIA,VALIDAÇÃO NECESSÁRIA,soprano,uma oitava acima,VALIDAÇÃO NECESSÁRIA,VALIDAÇÃO NECESSÁRIA,VALIDAÇÃO NECESSÁRIA,
23,O Senhor é o meu Pastor,Hinário CCB nº 5,Hinario-CCB-5-orgao_1_a_100.pdf,33,VALIDAÇÃO NECESSÁRIA,VALIDAÇÃO NECESSÁRIA,VALIDAÇÃO NECESSÁRIA,soprano,uma oitava acima,VALIDAÇÃO NECESSÁRIA,VALIDAÇÃO NECESSÁRIA,VALIDAÇÃO NECESSÁRIA,
24,"Dá-me graça, Senhor",Hinário CCB nº 5,Hinario-CCB-5-orgao_1_a_100.pdf,34,VALIDAÇÃO NECESSÁRIA,VALIDAÇÃO NECESSÁRIA,VALIDAÇÃO NECESSÁRIA,soprano,uma oitava acima,VALIDAÇÃO NECESSÁRIA,VALIDAÇÃO NECESSÁRIA,VALIDAÇÃO NECESSÁRIA,
25,"Um grande bem, precioso bem",Hinário CCB nº 5,Hinario-CCB-5-orgao_1_a_100.pdf,35,VALIDAÇÃO NECESSÁRIA,VALIDAÇÃO NECESSÁRIA,VALIDAÇÃO NECESSÁRIA,soprano,uma oitava acima,VALIDAÇÃO NECESSÁRIA,VALIDAÇÃO NECESSÁRIA,VALIDAÇÃO NECESSÁRIA,
26,"Julga-me, Senhor",Hinário CCB nº 5,Hinario-CCB-5-orgao_1_a_100.pdf,36,VALIDAÇÃO NECESSÁRIA,VALIDAÇÃO NECESSÁRIA,VALIDAÇÃO NECESSÁRIA,soprano,uma oitava acima,VALIDAÇÃO NECESSÁRIA,VALIDAÇÃO NECESSÁRIA,VALIDAÇÃO NECESSÁRIA,
27,O Senhor é minha Luz,Hinário CCB nº 5,Hinario-CCB-5-orgao_1_a_100.pdf,38,VALIDAÇÃO NECESSÁRIA,VALIDAÇÃO NECESSÁRIA,VALIDAÇÃO NECESSÁRIA,soprano,uma oitava acima,VALIDAÇÃO NECESSÁRIA,VALIDAÇÃO NECESSÁRIA,VALIDAÇÃO NECESSÁRIA,
28,Para o céu marchemos,Hinário CCB nº 5,Hinario-CCB-5-orgao_1_a_100.pdf,39,VALIDAÇÃO NECESSÁRIA,VALIDAÇÃO NECESSÁRIA,VALIDAÇÃO NECESSÁRIA,soprano,uma oitava acima,VALIDAÇÃO NECESSÁRIA,VALIDAÇÃO NECESSÁRIA,VALIDAÇÃO NECESSÁRIA,
29,"Senhor Jesus, Tu és o meu Rochedo",Hinário CCB nº 5,Hinario-CCB-5-orgao_1_a_100.pdf,40,VALIDAÇÃO NECESSÁRIA,VALIDAÇÃO NECESSÁRIA,VALIDAÇÃO NECESSÁRIA,soprano,uma oitava acima,VALIDAÇÃO NECESSÁRIA,VALIDAÇÃO NECESSÁRIA,VALIDAÇÃO NECESSÁRIA,
30,Confiarei sempre no Senhor,Hinário CCB nº 5,Hinario-CCB-5-orgao_1_a_100.pdf,41,VALIDAÇÃO NECESSÁRIA,VALIDAÇÃO NECESSÁRIA,VALIDAÇÃO NECESSÁRIA,soprano,uma oitava acima,VALIDAÇÃO NECESSÁRIA,VALIDAÇÃO NECESSÁRIA,VALIDAÇÃO NECESSÁRIA,
31,Forte Rocha,Hinário CCB nº 5,Hinario-CCB-5-orgao_1_a_100.pdf,42,VALIDAÇÃO NECESSÁRIA,VALIDAÇÃO NECESSÁRIA,VALIDAÇÃO NECESSÁRIA,soprano,uma oitava acima,VALIDAÇÃO NECESSÁRIA,VALIDAÇÃO NECESSÁRIA,VALIDAÇÃO NECESSÁRIA,
32,"Eu me escondo em Ti, Senhor",Hinário CCB nº 5,Hinario-CCB-5-orgao_1_a_100.pdf,43,VALIDAÇÃO NECESSÁRIA,VALIDAÇÃO NECESSÁRIA,VALIDAÇÃO NECESSÁRIA,soprano,uma oitava acima,VALIDAÇÃO NECESSÁRIA,VALIDAÇÃO NECESSÁRIA,VALIDAÇÃO NECESSÁRIA,
33,Jesus é o nosso Guia,Hinário CCB nº 5,Hinario-CCB-5-orgao_1_a_100.pdf,44,VALIDAÇÃO NECESSÁRIA,VALIDAÇÃO NECESSÁRIA,VALIDAÇÃO NECESSÁRIA,soprano,uma oitava acima,VALIDAÇÃO NECESSÁRIA,VALIDAÇÃO NECESSÁRIA,VALIDAÇÃO NECESSÁRIA,
34,O Mestre que desceu dos céus,Hinário CCB nº 5,Hinario-CCB-5-orgao_1_a_100.pdf,45,VALIDAÇÃO NECESSÁRIA,VALIDAÇÃO NECESSÁRIA,VALIDAÇÃO NECESSÁRIA,soprano,uma oitava acima,VALIDAÇÃO NECESSÁRIA,VALIDAÇÃO NECESSÁRIA,VALIDAÇÃO NECESSÁRIA,
35,Eis que multidão mui grande,Hinário CCB nº 5,Hinario-CCB-5-orgao_1_a_100.pdf,46,VALIDAÇÃO NECESSÁRIA,VALIDAÇÃO NECESSÁRIA,VALIDAÇÃO NECESSÁRIA,soprano,uma oitava acima,VALIDAÇÃO NECESSÁRIA,VALIDAÇÃO NECESSÁRIA,VALIDAÇÃO NECESSÁRIA,
36,A fiel proteção,Hinário CCB nº 5,Hinario-CCB-5-orgao_1_a_100.pdf,47,VALIDAÇÃO NECESSÁRIA,VALIDAÇÃO NECESSÁRIA,VALIDAÇÃO NECESSÁRIA,soprano,uma oitava acima,VALIDAÇÃO NECESSÁRIA,VALIDAÇÃO NECESSÁRIA,VALIDAÇÃO NECESSÁRIA,
37,Se a nossa vida entregarmos a Jesus,Hinário CCB nº 5,Hinario-CCB-5-orgao_1_a_100.pdf,48,VALIDAÇÃO NECESSÁRIA,VALIDAÇÃO NECESSÁRIA,VALIDAÇÃO NECESSÁRIA,soprano,uma oitava acima,VALIDAÇÃO NECESSÁRIA,VALIDAÇÃO NECESSÁRIA,VALIDAÇÃO NECESSÁRIA,
38,"Ó Senhor, és minha Vida",Hinário CCB nº 5,Hinario-CCB-5-orgao_1_a_100.pdf,49,VALIDAÇÃO NECESSÁRIA,VALIDAÇÃO NECESSÁRIA,VALIDAÇÃO NECESSÁRIA,soprano,uma oitava acima,VALIDAÇÃO NECESSÁRIA,VALIDAÇÃO NECESSÁRIA,VALIDAÇÃO NECESSÁRIA,
39,"Eu desejo, Senhor",Hinário CCB nº 5,Hinario-CCB-5-orgao_1_a_100.pdf,50,VALIDAÇÃO NECESSÁRIA,VALIDAÇÃO NECESSÁRIA,VALIDAÇÃO NECESSÁRIA,soprano,uma oitava acima,VALIDAÇÃO NECESSÁRIA,VALIDAÇÃO NECESSÁRIA,VALIDAÇÃO NECESSÁRIA,
40,Quanto em mim Tu operaste,Hinário CCB nº 5,Hinario-CCB-5-orgao_1_a_100.pdf,51,VALIDAÇÃO NECESSÁRIA,VALIDAÇÃO NECESSÁRIA,VALIDAÇÃO NECESSÁRIA,soprano,uma oitava acima,VALIDAÇÃO NECESSÁRIA,VALIDAÇÃO NECESSÁRIA,VALIDAÇÃO NECESSÁRIA,
41,O teu coração vem a Cristo entregar,Hinário CCB nº 5,Hinario-CCB-5-orgao_1_a_100.pdf,52,VALIDAÇÃO NECESSÁRIA,VALIDAÇÃO NECESSÁRIA,VALIDAÇÃO NECESSÁRIA,soprano,uma oitava acima,VALIDAÇÃO NECESSÁRIA,VALIDAÇÃO NECESSÁRIA,VALIDAÇÃO NECESSÁRIA,
42,"Ó minha alma, por que te abates?",Hinário CCB nº 5,Hinario-CCB-5-orgao_1_a_100.pdf,54,VALIDAÇÃO NECESSÁRIA,VALIDAÇÃO NECESSÁRIA,VALIDAÇÃO NECESSÁRIA,soprano,uma oitava acima,VALIDAÇÃO NECESSÁRIA,VALIDAÇÃO NECESSÁRIA,VALIDAÇÃO NECESSÁRIA,
43,"Trema o céu, a terra, o mar",Hinário CCB nº 5,Hinario-CCB-5-orgao_1_a_100.pdf,56,VALIDAÇÃO NECESSÁRIA,VALIDAÇÃO NECESSÁRIA,VALIDAÇÃO NECESSÁRIA,soprano,uma oitava acima,VALIDAÇÃO NECESSÁRIA,VALIDAÇÃO NECESSÁRIA,VALIDAÇÃO NECESSÁRIA,
44,Sol da justiça,Hinário CCB nº 5,Hinario-CCB-5-orgao_1_a_100.pdf,57,VALIDAÇÃO NECESSÁRIA,VALIDAÇÃO NECESSÁRIA,VALIDAÇÃO NECESSÁRIA,soprano,uma oitava acima,VALIDAÇÃO NECESSÁRIA,VALIDAÇÃO NECESSÁRIA,VALIDAÇÃO NECESSÁRIA,
45,Oh! Quanto nos amaste!,Hinário CCB nº 5,Hinario-CCB-5-orgao_1_a_100.pdf,58,VALIDAÇÃO NECESSÁRIA,VALIDAÇÃO NECESSÁRIA,VALIDAÇÃO NECESSÁRIA,soprano,uma oitava acima,VALIDAÇÃO NECESSÁRIA,VALIDAÇÃO NECESSÁRIA,VALIDAÇÃO NECESSÁRIA,
46,Grandioso é o nosso Deus,Hinário CCB nº 5,Hinario-CCB-5-orgao_1_a_100.pdf,59,VALIDAÇÃO NECESSÁRIA,VALIDAÇÃO NECESSÁRIA,VALIDAÇÃO NECESSÁRIA,soprano,uma oitava acima,VALIDAÇÃO NECESSÁRIA,VALIDAÇÃO NECESSÁRIA,VALIDAÇÃO NECESSÁRIA,
47,Sublime é o perdão!,Hinário CCB nº 5,Hinario-CCB-5-orgao_1_a_100.pdf,60,VALIDAÇÃO NECESSÁRIA,VALIDAÇÃO NECESSÁRIA,VALIDAÇÃO NECESSÁRIA,soprano,uma oitava acima,VALIDAÇÃO NECESSÁRIA,VALIDAÇÃO NECESSÁRIA,VALIDAÇÃO NECESSÁRIA,
48,Creio no Senhor,Hinário CCB nº 5,Hinario-CCB-5-orgao_1_a_100.pdf,62,VALIDAÇÃO NECESSÁRIA,VALIDAÇÃO NECESSÁRIA,VALIDAÇÃO NECESSÁRIA,soprano,uma oitava acima,VALIDAÇÃO NECESSÁRIA,VALIDAÇÃO NECESSÁRIA,VALIDAÇÃO NECESSÁRIA,
49,"Venho adorar-Te, santo Criador",Hinário CCB nº 5,Hinario-CCB-5-orgao_1_a_100.pdf,63,VALIDAÇÃO NECESSÁRIA,VALIDAÇÃO NECESSÁRIA,VALIDAÇÃO NECESSÁRIA,soprano,uma oitava acima,VALIDAÇÃO NECESSÁRIA,VALIDAÇÃO NECESSÁRIA,VALIDAÇÃO NECESSÁRIA,
50,"Glória a Jesus, Aleluia!",Hinário CCB nº 5,Hinario-CCB-5-orgao_1_a_100.pdf,64,VALIDAÇÃO NECESSÁRIA,VALIDAÇÃO NECESSÁRIA,VALIDAÇÃO NECESSÁRIA,soprano,uma oitava acima,VALIDAÇÃO NECESSÁRIA,VALIDAÇÃO NECESSÁRIA,VALIDAÇÃO NECESSÁRIA,
51,A Palavra do Senhor é Pão celestial,Hinário CCB nº 5,Hinario-CCB-5-orgao_1_a_100.pdf,66,VALIDAÇÃO NECESSÁRIA,VALIDAÇÃO NECESSÁRIA,VALIDAÇÃO NECESSÁRIA,soprano,uma oitava acima,VALIDAÇÃO NECESSÁRIA,VALIDAÇÃO NECESSÁRIA,VALIDAÇÃO NECESSÁRIA,
52,Luz eternal é Jesus,Hinário CCB nº 5,Hinario-CCB-5-orgao_1_a_100.pdf,67,VALIDAÇÃO NECESSÁRIA,VALIDAÇÃO NECESSÁRIA,VALIDAÇÃO NECESSÁRIA,soprano,uma oitava acima,VALIDAÇÃO NECESSÁRIA,VALIDAÇÃO NECESSÁRIA,VALIDAÇÃO NECESSÁRIA,
53,Nós somos luz do mundo,Hinário CCB nº 5,Hinario-CCB-5-orgao_1_a_100.pdf,68,VALIDAÇÃO NECESSÁRIA,VALIDAÇÃO NECESSÁRIA,VALIDAÇÃO NECESSÁRIA,soprano,uma oitava acima,VALIDAÇÃO NECESSÁRIA,VALIDAÇÃO NECESSÁRIA,VALIDAÇÃO NECESSÁRIA,
54,Um tesouro glorioso achei,Hinário CCB nº 5,Hinario-CCB-5-orgao_1_a_100.pdf,69,VALIDAÇÃO NECESSÁRIA,VALIDAÇÃO NECESSÁRIA,VALIDAÇÃO NECESSÁRIA,soprano,uma oitava acima,VALIDAÇÃO NECESSÁRIA,VALIDAÇÃO NECESSÁRIA,VALIDAÇÃO NECESSÁRIA,
55,Paz seja em vós,Hinário CCB nº 5,Hinario-CCB-5-orgao_1_a_100.pdf,70,VALIDAÇÃO NECESSÁRIA,VALIDAÇÃO NECESSÁRIA,VALIDAÇÃO NECESSÁRIA,soprano,uma oitava acima,VALIDAÇÃO NECESSÁRIA,VALIDAÇÃO NECESSÁRIA,VALIDAÇÃO NECESSÁRIA,
56,Põe em Deus a confiança,Hinário CCB nº 5,Hinario-CCB-5-orgao_1_a_100.pdf,72,VALIDAÇÃO NECESSÁRIA,VALIDAÇÃO NECESSÁRIA,VALIDAÇÃO NECESSÁRIA,soprano,uma oitava acima,VALIDAÇÃO NECESSÁRIA,VALIDAÇÃO NECESSÁRIA,VALIDAÇÃO NECESSÁRIA,
57,É estreita a porta para a salvação,Hinário CCB nº 5,Hinario-CCB-5-orgao_1_a_100.pdf,74,VALIDAÇÃO NECESSÁRIA,VALIDAÇÃO NECESSÁRIA,VALIDAÇÃO NECESSÁRIA,soprano,uma oitava acima,VALIDAÇÃO NECESSÁRIA,VALIDAÇÃO NECESSÁRIA,VALIDAÇÃO NECESSÁRIA,
58,Sou crente em Jesus,Hinário CCB nº 5,Hinario-CCB-5-orgao_1_a_100.pdf,75,VALIDAÇÃO NECESSÁRIA,VALIDAÇÃO NECESSÁRIA,VALIDAÇÃO NECESSÁRIA,soprano,uma oitava acima,VALIDAÇÃO NECESSÁRIA,VALIDAÇÃO NECESSÁRIA,VALIDAÇÃO NECESSÁRIA,
59,Faz-me mais perseverante,Hinário CCB nº 5,Hinario-CCB-5-orgao_1_a_100.pdf,76,VALIDAÇÃO NECESSÁRIA,VALIDAÇÃO NECESSÁRIA,VALIDAÇÃO NECESSÁRIA,soprano,uma oitava acima,VALIDAÇÃO NECESSÁRIA,VALIDAÇÃO NECESSÁRIA,VALIDAÇÃO NECESSÁRIA,
60,Oh! Vem a Jesus,Hinário CCB nº 5,Hinario-CCB-5-orgao_1_a_100.pdf,77,VALIDAÇÃO NECESSÁRIA,VALIDAÇÃO NECESSÁRIA,VALIDAÇÃO NECESSÁRIA,soprano,uma oitava acima,VALIDAÇÃO NECESSÁRIA,VALIDAÇÃO NECESSÁRIA,VALIDAÇÃO NECESSÁRIA,
61,A minha alma deseja ver-Te,Hinário CCB nº 5,Hinario-CCB-5-orgao_1_a_100.pdf,78,VALIDAÇÃO NECESSÁRIA,VALIDAÇÃO NECESSÁRIA,VALIDAÇÃO NECESSÁRIA,soprano,uma oitava acima,VALIDAÇÃO NECESSÁRIA,VALIDAÇÃO NECESSÁRIA,VALIDAÇÃO NECESSÁRIA,
62,"Ó Criador, forte Rocha és",Hinário CCB nº 5,Hinario-CCB-5-orgao_1_a_100.pdf,79,VALIDAÇÃO NECESSÁRIA,VALIDAÇÃO NECESSÁRIA,VALIDAÇÃO NECESSÁRIA,soprano,uma oitava acima,VALIDAÇÃO NECESSÁRIA,VALIDAÇÃO NECESSÁRIA,VALIDAÇÃO NECESSÁRIA,
63,"Se vós baterdes, Ele vos abre",Hinário CCB nº 5,Hinario-CCB-5-orgao_1_a_100.pdf,80,VALIDAÇÃO NECESSÁRIA,VALIDAÇÃO NECESSÁRIA,VALIDAÇÃO NECESSÁRIA,soprano,uma oitava acima,VALIDAÇÃO NECESSÁRIA,VALIDAÇÃO NECESSÁRIA,VALIDAÇÃO NECESSÁRIA,
64,"Tu, que vives sem destino",Hinário CCB nº 5,Hinario-CCB-5-orgao_1_a_100.pdf,81,VALIDAÇÃO NECESSÁRIA,VALIDAÇÃO NECESSÁRIA,VALIDAÇÃO NECESSÁRIA,soprano,uma oitava acima,VALIDAÇÃO NECESSÁRIA,VALIDAÇÃO NECESSÁRIA,VALIDAÇÃO NECESSÁRIA,
65,Igual ao Mestre!,Hinário CCB nº 5,Hinario-CCB-5-orgao_1_a_100.pdf,82,VALIDAÇÃO NECESSÁRIA,VALIDAÇÃO NECESSÁRIA,VALIDAÇÃO NECESSÁRIA,soprano,uma oitava acima,VALIDAÇÃO NECESSÁRIA,VALIDAÇÃO NECESSÁRIA,VALIDAÇÃO NECESSÁRIA,
66,Cansado estás? Vem a Jesus,Hinário CCB nº 5,Hinario-CCB-5-orgao_1_a_100.pdf,83,VALIDAÇÃO NECESSÁRIA,VALIDAÇÃO NECESSÁRIA,VALIDAÇÃO NECESSÁRIA,soprano,uma oitava acima,VALIDAÇÃO NECESSÁRIA,VALIDAÇÃO NECESSÁRIA,VALIDAÇÃO NECESSÁRIA,
67,""" Vinde a Mim!""",Hinário CCB nº 5,Hinario-CCB-5-orgao_1_a_100.pdf,84,VALIDAÇÃO NECESSÁRIA,VALIDAÇÃO NECESSÁRIA,VALIDAÇÃO NECESSÁRIA,soprano,uma oitava acima,VALIDAÇÃO NECESSÁRIA,VALIDAÇÃO NECESSÁRIA,VALIDAÇÃO NECESSÁRIA,
68,"Sem tardar, vai a Cristo",Hinário CCB nº 5,Hinario-CCB-5-orgao_1_a_100.pdf,86,VALIDAÇÃO NECESSÁRIA,VALIDAÇÃO NECESSÁRIA,VALIDAÇÃO NECESSÁRIA,soprano,uma oitava acima,VALIDAÇÃO NECESSÁRIA,VALIDAÇÃO NECESSÁRIA,VALIDAÇÃO NECESSÁRIA,
69,A família de Jesus,Hinário CCB nº 5,Hinario-CCB-5-orgao_1_a_100.pdf,87,VALIDAÇÃO NECESSÁRIA,VALIDAÇÃO NECESSÁRIA,VALIDAÇÃO NECESSÁRIA,soprano,uma oitava acima,VALIDAÇÃO NECESSÁRIA,VALIDAÇÃO NECESSÁRIA,VALIDAÇÃO NECESSÁRIA,
70,"Senhor, Tu és a minha Esperança",Hinário CCB nº 5,Hinario-CCB-5-orgao_1_a_100.pdf,88,VALIDAÇÃO NECESSÁRIA,VALIDAÇÃO NECESSÁRIA,VALIDAÇÃO NECESSÁRIA,soprano,uma oitava acima,VALIDAÇÃO NECESSÁRIA,VALIDAÇÃO NECESSÁRIA,VALIDAÇÃO NECESSÁRIA,
71,"Ó Senhor Jesus, eu recorro a Ti",Hinário CCB nº 5,Hinario-CCB-5-orgao_1_a_100.pdf,89,VALIDAÇÃO NECESSÁRIA,VALIDAÇÃO NECESSÁRIA,VALIDAÇÃO NECESSÁRIA,soprano,uma oitava acima,VALIDAÇÃO NECESSÁRIA,VALIDAÇÃO NECESSÁRIA,VALIDAÇÃO NECESSÁRIA,
72,"Nome glorioso, o de Jesus!",Hinário CCB nº 5,Hinario-CCB-5-orgao_1_a_100.pdf,90,VALIDAÇÃO NECESSÁRIA,VALIDAÇÃO NECESSÁRIA,VALIDAÇÃO NECESSÁRIA,soprano,uma oitava acima,VALIDAÇÃO NECESSÁRIA,VALIDAÇÃO NECESSÁRIA,VALIDAÇÃO NECESSÁRIA,
73,"Semearei, semearei",Hinário CCB nº 5,Hinario-CCB-5-orgao_1_a_100.pdf,91,VALIDAÇÃO NECESSÁRIA,VALIDAÇÃO NECESSÁRIA,VALIDAÇÃO NECESSÁRIA,soprano,uma oitava acima,VALIDAÇÃO NECESSÁRIA,VALIDAÇÃO NECESSÁRIA,VALIDAÇÃO NECESSÁRIA,
74,Vamos produzir frutos de louvor,Hinário CCB nº 5,Hinario-CCB-5-orgao_1_a_100.pdf,92,VALIDAÇÃO NECESSÁRIA,VALIDAÇÃO NECESSÁRIA,VALIDAÇÃO NECESSÁRIA,soprano,uma oitava acima,VALIDAÇÃO NECESSÁRIA,VALIDAÇÃO NECESSÁRIA,VALIDAÇÃO NECESSÁRIA,
75,"Vem a Jesus, ó alma errante",Hinário CCB nº 5,Hinario-CCB-5-orgao_1_a_100.pdf,93,VALIDAÇÃO NECESSÁRIA,VALIDAÇÃO NECESSÁRIA,VALIDAÇÃO NECESSÁRIA,soprano,uma oitava acima,VALIDAÇÃO NECESSÁRIA,VALIDAÇÃO NECESSÁRIA,VALIDAÇÃO NECESSÁRIA,
76,Cristo Jesus Sua mão me dá,Hinário CCB nº 5,Hinario-CCB-5-orgao_1_a_100.pdf,94,VALIDAÇÃO NECESSÁRIA,VALIDAÇÃO NECESSÁRIA,VALIDAÇÃO NECESSÁRIA,soprano,uma oitava acima,VALIDAÇÃO NECESSÁRIA,VALIDAÇÃO NECESSÁRIA,VALIDAÇÃO NECESSÁRIA,
77,Vamos lançar a semente,Hinário CCB nº 5,Hinario-CCB-5-orgao_1_a_100.pdf,95,VALIDAÇÃO NECESSÁRIA,VALIDAÇÃO NECESSÁRIA,VALIDAÇÃO NECESSÁRIA,soprano,uma oitava acima,VALIDAÇÃO NECESSÁRIA,VALIDAÇÃO NECESSÁRIA,VALIDAÇÃO NECESSÁRIA,
78,Glória a Jesus! Glória a Jesus!,Hinário CCB nº 5,Hinario-CCB-5-orgao_1_a_100.pdf,96,VALIDAÇÃO NECESSÁRIA,VALIDAÇÃO NECESSÁRIA,VALIDAÇÃO NECESSÁRIA,soprano,uma oitava acima,VALIDAÇÃO NECESSÁRIA,VALIDAÇÃO NECESSÁRIA,VALIDAÇÃO NECESSÁRIA,
79,Bom é estarmos nós aqui,Hinário CCB nº 5,Hinario-CCB-5-orgao_1_a_100.pdf,97,VALIDAÇÃO NECESSÁRIA,VALIDAÇÃO NECESSÁRIA,VALIDAÇÃO NECESSÁRIA,soprano,uma oitava acima,VALIDAÇÃO NECESSÁRIA,VALIDAÇÃO NECESSÁRIA,VALIDAÇÃO NECESSÁRIA,
80,"Por Cristo, resgatado",Hinário CCB nº 5,Hinario-CCB-5-orgao_1_a_100.pdf,98,VALIDAÇÃO NECESSÁRIA,VALIDAÇÃO NECESSÁRIA,VALIDAÇÃO NECESSÁRIA,soprano,uma oitava acima,VALIDAÇÃO NECESSÁRIA,VALIDAÇÃO NECESSÁRIA,VALIDAÇÃO NECESSÁRIA,
81,A vida deu por ti,Hinário CCB nº 5,Hinario-CCB-5-orgao_1_a_100.pdf,99,VALIDAÇÃO NECESSÁRIA,VALIDAÇÃO NECESSÁRIA,VALIDAÇÃO NECESSÁRIA,soprano,uma oitava acima,VALIDAÇÃO NECESSÁRIA,VALIDAÇÃO NECESSÁRIA,VALIDAÇÃO NECESSÁRIA,
82,Oh! Que grande amor!,Hinário CCB nº 5,Hinario-CCB-5-orgao_1_a_100.pdf,100,VALIDAÇÃO NECESSÁRIA,VALIDAÇÃO NECESSÁRIA,VALIDAÇÃO NECESSÁRIA,soprano,uma oitava acima,VALIDAÇÃO NECESSÁRIA,VALIDAÇÃO NECESSÁRIA,VALIDAÇÃO NECESSÁRIA,
83,Vinde às bodas,Hinário CCB nº 5,Hinario-CCB-5-orgao_101_a_200.pdf,1,VALIDAÇÃO NECESSÁRIA,VALIDAÇÃO NECESSÁRIA,VALIDAÇÃO NECESSÁRIA,soprano,uma oitava acima,VALIDAÇÃO NECESSÁRIA,VALIDAÇÃO NECESSÁRIA,VALIDAÇÃO NECESSÁRIA,
84,Quão amável é a Tua casa,Hinário CCB nº 5,Hinario-CCB-5-orgao_101_a_200.pdf,2,VALIDAÇÃO NECESSÁRIA,VALIDAÇÃO NECESSÁRIA,VALIDAÇÃO NECESSÁRIA,soprano,uma oitava acima,VALIDAÇÃO NECESSÁRIA,VALIDAÇÃO NECESSÁRIA,VALIDAÇÃO NECESSÁRIA,
85,Anunciai o santo Evangelho,Hinário CCB nº 5,Hinario-CCB-5-orgao_101_a_200.pdf,3,VALIDAÇÃO NECESSÁRIA,VALIDAÇÃO NECESSÁRIA,VALIDAÇÃO NECESSÁRIA,soprano,uma oitava acima,VALIDAÇÃO NECESSÁRIA,VALIDAÇÃO NECESSÁRIA,VALIDAÇÃO NECESSÁRIA,
86,"Grande Tu és, ó Pai",Hinário CCB nº 5,Hinario-CCB-5-orgao_101_a_200.pdf,4,VALIDAÇÃO NECESSÁRIA,VALIDAÇÃO NECESSÁRIA,VALIDAÇÃO NECESSÁRIA,soprano,uma oitava acima,VALIDAÇÃO NECESSÁRIA,VALIDAÇÃO NECESSÁRIA,VALIDAÇÃO NECESSÁRIA,
87,Eis que vem Jesus,Hinário CCB nº 5,Hinario-CCB-5-orgao_101_a_200.pdf,5,VALIDAÇÃO NECESSÁRIA,VALIDAÇÃO NECESSÁRIA,VALIDAÇÃO NECESSÁRIA,soprano,uma oitava acima,VALIDAÇÃO NECESSÁRIA,VALIDAÇÃO NECESSÁRIA,VALIDAÇÃO NECESSÁRIA,
88,Minha oração,Hinário CCB nº 5,Hinario-CCB-5-orgao_101_a_200.pdf,6,VALIDAÇÃO NECESSÁRIA,VALIDAÇÃO NECESSÁRIA,VALIDAÇÃO NECESSÁRIA,soprano,uma oitava acima,VALIDAÇÃO NECESSÁRIA,VALIDAÇÃO NECESSÁRIA,VALIDAÇÃO NECESSÁRIA,
89,Oh! Grande Deus,Hinário CCB nº 5,Hinario-CCB-5-orgao_101_a_200.pdf,7,VALIDAÇÃO NECESSÁRIA,VALIDAÇÃO NECESSÁRIA,VALIDAÇÃO NECESSÁRIA,soprano,uma oitava acima,VALIDAÇÃO NECESSÁRIA,VALIDAÇÃO NECESSÁRIA,VALIDAÇÃO NECESSÁRIA,
90,Teu destino é a glória,Hinário CCB nº 5,Hinario-CCB-5-orgao_101_a_200.pdf,8,VALIDAÇÃO NECESSÁRIA,VALIDAÇÃO NECESSÁRIA,VALIDAÇÃO NECESSÁRIA,soprano,uma oitava acima,VALIDAÇÃO NECESSÁRIA,VALIDAÇÃO NECESSÁRIA,VALIDAÇÃO NECESSÁRIA,
91,No esconderijo do Onipotente,Hinário CCB nº 5,Hinario-CCB-5-orgao_101_a_200.pdf,9,VALIDAÇÃO NECESSÁRIA,VALIDAÇÃO NECESSÁRIA,VALIDAÇÃO NECESSÁRIA,soprano,uma oitava acima,VALIDAÇÃO NECESSÁRIA,VALIDAÇÃO NECESSÁRIA,VALIDAÇÃO NECESSÁRIA,
92,O santo Evangelho,Hinário CCB nº 5,Hinario-CCB-5-orgao_101_a_200.pdf,10,VALIDAÇÃO NECESSÁRIA,VALIDAÇÃO NECESSÁRIA,VALIDAÇÃO NECESSÁRIA,soprano,uma oitava acima,VALIDAÇÃO NECESSÁRIA,VALIDAÇÃO NECESSÁRIA,VALIDAÇÃO NECESSÁRIA,
93,Aceitando ao Senhor...,Hinário CCB nº 5,Hinario-CCB-5-orgao_101_a_200.pdf,11,VALIDAÇÃO NECESSÁRIA,VALIDAÇÃO NECESSÁRIA,VALIDAÇÃO NECESSÁRIA,soprano,uma oitava acima,VALIDAÇÃO NECESSÁRIA,VALIDAÇÃO NECESSÁRIA,VALIDAÇÃO NECESSÁRIA,
94,Quem sustenta a nossa vida,Hinário CCB nº 5,Hinario-CCB-5-orgao_101_a_200.pdf,12,VALIDAÇÃO NECESSÁRIA,VALIDAÇÃO NECESSÁRIA,VALIDAÇÃO NECESSÁRIA,soprano,uma oitava acima,VALIDAÇÃO NECESSÁRIA,VALIDAÇÃO NECESSÁRIA,VALIDAÇÃO NECESSÁRIA,
95,""" Vinde, ó benditos de Meu Pai""",Hinário CCB nº 5,Hinario-CCB-5-orgao_101_a_200.pdf,14,VALIDAÇÃO NECESSÁRIA,VALIDAÇÃO NECESSÁRIA,VALIDAÇÃO NECESSÁRIA,soprano,uma oitava acima,VALIDAÇÃO NECESSÁRIA,VALIDAÇÃO NECESSÁRIA,VALIDAÇÃO NECESSÁRIA,
96,"Vinde, adoremos a Deus",Hinário CCB nº 5,Hinario-CCB-5-orgao_101_a_200.pdf,15,VALIDAÇÃO NECESSÁRIA,VALIDAÇÃO NECESSÁRIA,VALIDAÇÃO NECESSÁRIA,soprano,uma oitava acima,VALIDAÇÃO NECESSÁRIA,VALIDAÇÃO NECESSÁRIA,VALIDAÇÃO NECESSÁRIA,
97,"Cristo Jesus, nosso bom Pastor",Hinário CCB nº 5,Hinario-CCB-5-orgao_101_a_200.pdf,16,VALIDAÇÃO NECESSÁRIA,VALIDAÇÃO NECESSÁRIA,VALIDAÇÃO NECESSÁRIA,soprano,uma oitava acima,VALIDAÇÃO NECESSÁRIA,VALIDAÇÃO NECESSÁRIA,VALIDAÇÃO NECESSÁRIA,
98,Cristo Jesus tudo pode,Hinário CCB nº 5,Hinario-CCB-5-orgao_101_a_200.pdf,18,VALIDAÇÃO NECESSÁRIA,VALIDAÇÃO NECESSÁRIA,VALIDAÇÃO NECESSÁRIA,soprano,uma oitava acima,VALIDAÇÃO NECESSÁRIA,VALIDAÇÃO NECESSÁRIA,VALIDAÇÃO NECESSÁRIA,
99,Jesus Cristo é o Amigo celestial,Hinário CCB nº 5,Hinario-CCB-5-orgao_101_a_200.pdf,19,VALIDAÇÃO NECESSÁRIA,VALIDAÇÃO NECESSÁRIA,VALIDAÇÃO NECESSÁRIA,soprano,uma oitava acima,VALIDAÇÃO NECESSÁRIA,VALIDAÇÃO NECESSÁRIA,VALIDAÇÃO NECESSÁRIA,
100,"Todos juntos, jubilemos",Hinário CCB nº 5,Hinario-CCB-5-orgao_101_a_200.pdf,20,VALIDAÇÃO NECESSÁRIA,VALIDAÇÃO NECESSÁRIA,VALIDAÇÃO NECESSÁRIA,soprano,uma oitava acima,VALIDAÇÃO NECESSÁRIA,VALIDAÇÃO NECESSÁRIA,VALIDAÇÃO NECESSÁRIA,
101,"Cantemos, juntos, louvores a Deus",Hinário CCB nº 5,Hinario-CCB-5-orgao_101_a_200.pdf,21,VALIDAÇÃO NECESSÁRIA,VALIDAÇÃO NECESSÁRIA,VALIDAÇÃO NECESSÁRIA,soprano,uma oitava acima,VALIDAÇÃO NECESSÁRIA,VALIDAÇÃO NECESSÁRIA,VALIDAÇÃO NECESSÁRIA,
102,Sinto a voz divina do meu fiel Pastor,Hinário CCB nº 5,Hinario-CCB-5-orgao_101_a_200.pdf,22,VALIDAÇÃO NECESSÁRIA,VALIDAÇÃO NECESSÁRIA,VALIDAÇÃO NECESSÁRIA,soprano,uma oitava acima,VALIDAÇÃO NECESSÁRIA,VALIDAÇÃO NECESSÁRIA,VALIDAÇÃO NECESSÁRIA,
103,"Bendize, ó minha alma",Hinário CCB nº 5,Hinario-CCB-5-orgao_101_a_200.pdf,24,VALIDAÇÃO NECESSÁRIA,VALIDAÇÃO NECESSÁRIA,VALIDAÇÃO NECESSÁRIA,soprano,uma oitava acima,VALIDAÇÃO NECESSÁRIA,VALIDAÇÃO NECESSÁRIA,VALIDAÇÃO NECESSÁRIA,
104,"Santo, Santo és, Senhor",Hinário CCB nº 5,Hinario-CCB-5-orgao_101_a_200.pdf,25,VALIDAÇÃO NECESSÁRIA,VALIDAÇÃO NECESSÁRIA,VALIDAÇÃO NECESSÁRIA,soprano,uma oitava acima,VALIDAÇÃO NECESSÁRIA,VALIDAÇÃO NECESSÁRIA,VALIDAÇÃO NECESSÁRIA,
105,Volta ao teu lar Paternal!,Hinário CCB nº 5,Hinario-CCB-5-orgao_101_a_200.pdf,26,VALIDAÇÃO NECESSÁRIA,VALIDAÇÃO NECESSÁRIA,VALIDAÇÃO NECESSÁRIA,soprano,uma oitava acima,VALIDAÇÃO NECESSÁRIA,VALIDAÇÃO NECESSÁRIA,VALIDAÇÃO NECESSÁRIA,
106,Em nome do nosso Redentor,Hinário CCB nº 5,Hinario-CCB-5-orgao_101_a_200.pdf,27,VALIDAÇÃO NECESSÁRIA,VALIDAÇÃO NECESSÁRIA,VALIDAÇÃO NECESSÁRIA,soprano,uma oitava acima,VALIDAÇÃO NECESSÁRIA,VALIDAÇÃO NECESSÁRIA,VALIDAÇÃO NECESSÁRIA,
107,O fim de tudo chegará,Hinário CCB nº 5,Hinario-CCB-5-orgao_101_a_200.pdf,28,VALIDAÇÃO NECESSÁRIA,VALIDAÇÃO NECESSÁRIA,VALIDAÇÃO NECESSÁRIA,soprano,uma oitava acima,VALIDAÇÃO NECESSÁRIA,VALIDAÇÃO NECESSÁRIA,VALIDAÇÃO NECESSÁRIA,
108,É Jesus a Fonte de riqueza,Hinário CCB nº 5,Hinario-CCB-5-orgao_101_a_200.pdf,29,VALIDAÇÃO NECESSÁRIA,VALIDAÇÃO NECESSÁRIA,VALIDAÇÃO NECESSÁRIA,soprano,uma oitava acima,VALIDAÇÃO NECESSÁRIA,VALIDAÇÃO NECESSÁRIA,VALIDAÇÃO NECESSÁRIA,
109,"Vem, ó Senhor, ajudar-me",Hinário CCB nº 5,Hinario-CCB-5-orgao_101_a_200.pdf,30,VALIDAÇÃO NECESSÁRIA,VALIDAÇÃO NECESSÁRIA,VALIDAÇÃO NECESSÁRIA,soprano,uma oitava acima,VALIDAÇÃO NECESSÁRIA,VALIDAÇÃO NECESSÁRIA,VALIDAÇÃO NECESSÁRIA,
110,"Vigiai, irmãos",Hinário CCB nº 5,Hinario-CCB-5-orgao_101_a_200.pdf,31,VALIDAÇÃO NECESSÁRIA,VALIDAÇÃO NECESSÁRIA,VALIDAÇÃO NECESSÁRIA,soprano,uma oitava acima,VALIDAÇÃO NECESSÁRIA,VALIDAÇÃO NECESSÁRIA,VALIDAÇÃO NECESSÁRIA,
111,Do sepulcro ressurgiu triunfante,Hinário CCB nº 5,Hinario-CCB-5-orgao_101_a_200.pdf,32,VALIDAÇÃO NECESSÁRIA,VALIDAÇÃO NECESSÁRIA,VALIDAÇÃO NECESSÁRIA,soprano,uma oitava acima,VALIDAÇÃO NECESSÁRIA,VALIDAÇÃO NECESSÁRIA,VALIDAÇÃO NECESSÁRIA,
112,Sigamos sempre ao Senhor,Hinário CCB nº 5,Hinario-CCB-5-orgao_101_a_200.pdf,33,VALIDAÇÃO NECESSÁRIA,VALIDAÇÃO NECESSÁRIA,VALIDAÇÃO NECESSÁRIA,soprano,uma oitava acima,VALIDAÇÃO NECESSÁRIA,VALIDAÇÃO NECESSÁRIA,VALIDAÇÃO NECESSÁRIA,
113,O Senhor seja louvado,Hinário CCB nº 5,Hinario-CCB-5-orgao_101_a_200.pdf,34,VALIDAÇÃO NECESSÁRIA,VALIDAÇÃO NECESSÁRIA,VALIDAÇÃO NECESSÁRIA,soprano,uma oitava acima,VALIDAÇÃO NECESSÁRIA,VALIDAÇÃO NECESSÁRIA,VALIDAÇÃO NECESSÁRIA,
114,"Clama ao Mestre, Cristo Jesus",Hinário CCB nº 5,Hinario-CCB-5-orgao_101_a_200.pdf,35,VALIDAÇÃO NECESSÁRIA,VALIDAÇÃO NECESSÁRIA,VALIDAÇÃO NECESSÁRIA,soprano,uma oitava acima,VALIDAÇÃO NECESSÁRIA,VALIDAÇÃO NECESSÁRIA,VALIDAÇÃO NECESSÁRIA,
115,Minha alma engrandece...,Hinário CCB nº 5,Hinario-CCB-5-orgao_101_a_200.pdf,36,VALIDAÇÃO NECESSÁRIA,VALIDAÇÃO NECESSÁRIA,VALIDAÇÃO NECESSÁRIA,soprano,uma oitava acima,VALIDAÇÃO NECESSÁRIA,VALIDAÇÃO NECESSÁRIA,VALIDAÇÃO NECESSÁRIA,
116,Amo ao Senhor,Hinário CCB nº 5,Hinario-CCB-5-orgao_101_a_200.pdf,37,VALIDAÇÃO NECESSÁRIA,VALIDAÇÃO NECESSÁRIA,VALIDAÇÃO NECESSÁRIA,soprano,uma oitava acima,VALIDAÇÃO NECESSÁRIA,VALIDAÇÃO NECESSÁRIA,VALIDAÇÃO NECESSÁRIA,
117,Jesus habita em meu coração,Hinário CCB nº 5,Hinario-CCB-5-orgao_101_a_200.pdf,38,VALIDAÇÃO NECESSÁRIA,VALIDAÇÃO NECESSÁRIA,VALIDAÇÃO NECESSÁRIA,soprano,uma oitava acima,VALIDAÇÃO NECESSÁRIA,VALIDAÇÃO NECESSÁRIA,VALIDAÇÃO NECESSÁRIA,
118,Fiel Salvador é Jesus,Hinário CCB nº 5,Hinario-CCB-5-orgao_101_a_200.pdf,40,VALIDAÇÃO NECESSÁRIA,VALIDAÇÃO NECESSÁRIA,VALIDAÇÃO NECESSÁRIA,soprano,uma oitava acima,VALIDAÇÃO NECESSÁRIA,VALIDAÇÃO NECESSÁRIA,VALIDAÇÃO NECESSÁRIA,
119,Luz aos meus pés é a Tua Palavra,Hinário CCB nº 5,Hinario-CCB-5-orgao_101_a_200.pdf,41,VALIDAÇÃO NECESSÁRIA,VALIDAÇÃO NECESSÁRIA,VALIDAÇÃO NECESSÁRIA,soprano,uma oitava acima,VALIDAÇÃO NECESSÁRIA,VALIDAÇÃO NECESSÁRIA,VALIDAÇÃO NECESSÁRIA,
120,Nossa cruz tomemos,Hinário CCB nº 5,Hinario-CCB-5-orgao_101_a_200.pdf,42,VALIDAÇÃO NECESSÁRIA,VALIDAÇÃO NECESSÁRIA,VALIDAÇÃO NECESSÁRIA,soprano,uma oitava acima,VALIDAÇÃO NECESSÁRIA,VALIDAÇÃO NECESSÁRIA,VALIDAÇÃO NECESSÁRIA,
121,O meu socorro vem do Senhor,Hinário CCB nº 5,Hinario-CCB-5-orgao_101_a_200.pdf,43,VALIDAÇÃO NECESSÁRIA,VALIDAÇÃO NECESSÁRIA,VALIDAÇÃO NECESSÁRIA,soprano,uma oitava acima,VALIDAÇÃO NECESSÁRIA,VALIDAÇÃO NECESSÁRIA,VALIDAÇÃO NECESSÁRIA,
122,Alegrei-me quando me disseram...,Hinário CCB nº 5,Hinario-CCB-5-orgao_101_a_200.pdf,44,VALIDAÇÃO NECESSÁRIA,VALIDAÇÃO NECESSÁRIA,VALIDAÇÃO NECESSÁRIA,soprano,uma oitava acima,VALIDAÇÃO NECESSÁRIA,VALIDAÇÃO NECESSÁRIA,VALIDAÇÃO NECESSÁRIA,
123,"Ó Jesus, és meu Guardião",Hinário CCB nº 5,Hinario-CCB-5-orgao_101_a_200.pdf,45,VALIDAÇÃO NECESSÁRIA,VALIDAÇÃO NECESSÁRIA,VALIDAÇÃO NECESSÁRIA,soprano,uma oitava acima,VALIDAÇÃO NECESSÁRIA,VALIDAÇÃO NECESSÁRIA,VALIDAÇÃO NECESSÁRIA,
124,Vivo na graça,Hinário CCB nº 5,Hinario-CCB-5-orgao_101_a_200.pdf,46,VALIDAÇÃO NECESSÁRIA,VALIDAÇÃO NECESSÁRIA,VALIDAÇÃO NECESSÁRIA,soprano,uma oitava acima,VALIDAÇÃO NECESSÁRIA,VALIDAÇÃO NECESSÁRIA,VALIDAÇÃO NECESSÁRIA,
125,Mais grato a Ti,Hinário CCB nº 5,Hinario-CCB-5-orgao_101_a_200.pdf,47,VALIDAÇÃO NECESSÁRIA,VALIDAÇÃO NECESSÁRIA,VALIDAÇÃO NECESSÁRIA,soprano,uma oitava acima,VALIDAÇÃO NECESSÁRIA,VALIDAÇÃO NECESSÁRIA,VALIDAÇÃO NECESSÁRIA,
126,Levemos a mensagem de amor,Hinário CCB nº 5,Hinario-CCB-5-orgao_101_a_200.pdf,48,VALIDAÇÃO NECESSÁRIA,VALIDAÇÃO NECESSÁRIA,VALIDAÇÃO NECESSÁRIA,soprano,uma oitava acima,VALIDAÇÃO NECESSÁRIA,VALIDAÇÃO NECESSÁRIA,VALIDAÇÃO NECESSÁRIA,
127,"Meu bom Jesus, Contigo almejo estar",Hinário CCB nº 5,Hinario-CCB-5-orgao_101_a_200.pdf,49,VALIDAÇÃO NECESSÁRIA,VALIDAÇÃO NECESSÁRIA,VALIDAÇÃO NECESSÁRIA,soprano,uma oitava acima,VALIDAÇÃO NECESSÁRIA,VALIDAÇÃO NECESSÁRIA,VALIDAÇÃO NECESSÁRIA,
128,"Teu filho sou, ó Criador",Hinário CCB nº 5,Hinario-CCB-5-orgao_101_a_200.pdf,50,VALIDAÇÃO NECESSÁRIA,VALIDAÇÃO NECESSÁRIA,VALIDAÇÃO NECESSÁRIA,soprano,uma oitava acima,VALIDAÇÃO NECESSÁRIA,VALIDAÇÃO NECESSÁRIA,VALIDAÇÃO NECESSÁRIA,
129,Salvo estou por Jesus,Hinário CCB nº 5,Hinario-CCB-5-orgao_101_a_200.pdf,51,VALIDAÇÃO NECESSÁRIA,VALIDAÇÃO NECESSÁRIA,VALIDAÇÃO NECESSÁRIA,soprano,uma oitava acima,VALIDAÇÃO NECESSÁRIA,VALIDAÇÃO NECESSÁRIA,VALIDAÇÃO NECESSÁRIA,
130,A minha alma,Hinário CCB nº 5,Hinario-CCB-5-orgao_101_a_200.pdf,52,VALIDAÇÃO NECESSÁRIA,VALIDAÇÃO NECESSÁRIA,VALIDAÇÃO NECESSÁRIA,soprano,uma oitava acima,VALIDAÇÃO NECESSÁRIA,VALIDAÇÃO NECESSÁRIA,VALIDAÇÃO NECESSÁRIA,
131,"Ó Senhor glorioso, Deus da perfeição",Hinário CCB nº 5,Hinario-CCB-5-orgao_101_a_200.pdf,53,VALIDAÇÃO NECESSÁRIA,VALIDAÇÃO NECESSÁRIA,VALIDAÇÃO NECESSÁRIA,soprano,uma oitava acima,VALIDAÇÃO NECESSÁRIA,VALIDAÇÃO NECESSÁRIA,VALIDAÇÃO NECESSÁRIA,
132,"Eis-me, Senhor, aos Teus pés",Hinário CCB nº 5,Hinario-CCB-5-orgao_101_a_200.pdf,54,VALIDAÇÃO NECESSÁRIA,VALIDAÇÃO NECESSÁRIA,VALIDAÇÃO NECESSÁRIA,soprano,uma oitava acima,VALIDAÇÃO NECESSÁRIA,VALIDAÇÃO NECESSÁRIA,VALIDAÇÃO NECESSÁRIA,
133,Quão bom e quão suave é...,Hinário CCB nº 5,Hinario-CCB-5-orgao_101_a_200.pdf,55,VALIDAÇÃO NECESSÁRIA,VALIDAÇÃO NECESSÁRIA,VALIDAÇÃO NECESSÁRIA,soprano,uma oitava acima,VALIDAÇÃO NECESSÁRIA,VALIDAÇÃO NECESSÁRIA,VALIDAÇÃO NECESSÁRIA,
134,"Teu amor, ó Cordeiro divinal",Hinário CCB nº 5,Hinario-CCB-5-orgao_101_a_200.pdf,56,VALIDAÇÃO NECESSÁRIA,VALIDAÇÃO NECESSÁRIA,VALIDAÇÃO NECESSÁRIA,soprano,uma oitava acima,VALIDAÇÃO NECESSÁRIA,VALIDAÇÃO NECESSÁRIA,VALIDAÇÃO NECESSÁRIA,
135,Bendito o Rei que veio do céu!,Hinário CCB nº 5,Hinario-CCB-5-orgao_101_a_200.pdf,57,VALIDAÇÃO NECESSÁRIA,VALIDAÇÃO NECESSÁRIA,VALIDAÇÃO NECESSÁRIA,soprano,uma oitava acima,VALIDAÇÃO NECESSÁRIA,VALIDAÇÃO NECESSÁRIA,VALIDAÇÃO NECESSÁRIA,
136,Benignidade eterna é a de Deus,Hinário CCB nº 5,Hinario-CCB-5-orgao_101_a_200.pdf,58,VALIDAÇÃO NECESSÁRIA,VALIDAÇÃO NECESSÁRIA,VALIDAÇÃO NECESSÁRIA,soprano,uma oitava acima,VALIDAÇÃO NECESSÁRIA,VALIDAÇÃO NECESSÁRIA,VALIDAÇÃO NECESSÁRIA,
137,"Senhor, vem selar-nos",Hinário CCB nº 5,Hinario-CCB-5-orgao_101_a_200.pdf,59,VALIDAÇÃO NECESSÁRIA,VALIDAÇÃO NECESSÁRIA,VALIDAÇÃO NECESSÁRIA,soprano,uma oitava acima,VALIDAÇÃO NECESSÁRIA,VALIDAÇÃO NECESSÁRIA,VALIDAÇÃO NECESSÁRIA,
138,Louvemos ao bom Jesus,Hinário CCB nº 5,Hinario-CCB-5-orgao_101_a_200.pdf,60,VALIDAÇÃO NECESSÁRIA,VALIDAÇÃO NECESSÁRIA,VALIDAÇÃO NECESSÁRIA,soprano,uma oitava acima,VALIDAÇÃO NECESSÁRIA,VALIDAÇÃO NECESSÁRIA,VALIDAÇÃO NECESSÁRIA,
139,"Ó Senhor, Tu me conheces",Hinário CCB nº 5,Hinario-CCB-5-orgao_101_a_200.pdf,62,VALIDAÇÃO NECESSÁRIA,VALIDAÇÃO NECESSÁRIA,VALIDAÇÃO NECESSÁRIA,soprano,uma oitava acima,VALIDAÇÃO NECESSÁRIA,VALIDAÇÃO NECESSÁRIA,VALIDAÇÃO NECESSÁRIA,
140,Sou feliz,Hinário CCB nº 5,Hinario-CCB-5-orgao_101_a_200.pdf,63,VALIDAÇÃO NECESSÁRIA,VALIDAÇÃO NECESSÁRIA,VALIDAÇÃO NECESSÁRIA,soprano,uma oitava acima,VALIDAÇÃO NECESSÁRIA,VALIDAÇÃO NECESSÁRIA,VALIDAÇÃO NECESSÁRIA,
141,"Cristo, o Verbo",Hinário CCB nº 5,Hinario-CCB-5-orgao_101_a_200.pdf,64,VALIDAÇÃO NECESSÁRIA,VALIDAÇÃO NECESSÁRIA,VALIDAÇÃO NECESSÁRIA,soprano,uma oitava acima,VALIDAÇÃO NECESSÁRIA,VALIDAÇÃO NECESSÁRIA,VALIDAÇÃO NECESSÁRIA,
142,Ó Pai celestial,Hinário CCB nº 5,Hinario-CCB-5-orgao_101_a_200.pdf,65,VALIDAÇÃO NECESSÁRIA,VALIDAÇÃO NECESSÁRIA,VALIDAÇÃO NECESSÁRIA,soprano,uma oitava acima,VALIDAÇÃO NECESSÁRIA,VALIDAÇÃO NECESSÁRIA,VALIDAÇÃO NECESSÁRIA,
143,"Porfiemos, irmãos, por entrar nos céus",Hinário CCB nº 5,Hinario-CCB-5-orgao_101_a_200.pdf,66,VALIDAÇÃO NECESSÁRIA,VALIDAÇÃO NECESSÁRIA,VALIDAÇÃO NECESSÁRIA,soprano,uma oitava acima,VALIDAÇÃO NECESSÁRIA,VALIDAÇÃO NECESSÁRIA,VALIDAÇÃO NECESSÁRIA,
144,A vida eterna,Hinário CCB nº 5,Hinario-CCB-5-orgao_101_a_200.pdf,67,VALIDAÇÃO NECESSÁRIA,VALIDAÇÃO NECESSÁRIA,VALIDAÇÃO NECESSÁRIA,soprano,uma oitava acima,VALIDAÇÃO NECESSÁRIA,VALIDAÇÃO NECESSÁRIA,VALIDAÇÃO NECESSÁRIA,
145,"Pródigo filho, vai!",Hinário CCB nº 5,Hinario-CCB-5-orgao_101_a_200.pdf,68,VALIDAÇÃO NECESSÁRIA,VALIDAÇÃO NECESSÁRIA,VALIDAÇÃO NECESSÁRIA,soprano,uma oitava acima,VALIDAÇÃO NECESSÁRIA,VALIDAÇÃO NECESSÁRIA,VALIDAÇÃO NECESSÁRIA,
146,De Deus veio a Luz,Hinário CCB nº 5,Hinario-CCB-5-orgao_101_a_200.pdf,69,VALIDAÇÃO NECESSÁRIA,VALIDAÇÃO NECESSÁRIA,VALIDAÇÃO NECESSÁRIA,soprano,uma oitava acima,VALIDAÇÃO NECESSÁRIA,VALIDAÇÃO NECESSÁRIA,VALIDAÇÃO NECESSÁRIA,
147,É bom louvar ao Criador,Hinário CCB nº 5,Hinario-CCB-5-orgao_101_a_200.pdf,70,VALIDAÇÃO NECESSÁRIA,VALIDAÇÃO NECESSÁRIA,VALIDAÇÃO NECESSÁRIA,soprano,uma oitava acima,VALIDAÇÃO NECESSÁRIA,VALIDAÇÃO NECESSÁRIA,VALIDAÇÃO NECESSÁRIA,
148,"Louvor a Deus, o Criador",Hinário CCB nº 5,Hinario-CCB-5-orgao_101_a_200.pdf,71,VALIDAÇÃO NECESSÁRIA,VALIDAÇÃO NECESSÁRIA,VALIDAÇÃO NECESSÁRIA,soprano,uma oitava acima,VALIDAÇÃO NECESSÁRIA,VALIDAÇÃO NECESSÁRIA,VALIDAÇÃO NECESSÁRIA,
149,"Ó irmãos, por fé louvemos a Jesus",Hinário CCB nº 5,Hinario-CCB-5-orgao_101_a_200.pdf,72,VALIDAÇÃO NECESSÁRIA,VALIDAÇÃO NECESSÁRIA,VALIDAÇÃO NECESSÁRIA,soprano,uma oitava acima,VALIDAÇÃO NECESSÁRIA,VALIDAÇÃO NECESSÁRIA,VALIDAÇÃO NECESSÁRIA,
150,"Jesus Cristo, meu Senhor",Hinário CCB nº 5,Hinario-CCB-5-orgao_101_a_200.pdf,73,VALIDAÇÃO NECESSÁRIA,VALIDAÇÃO NECESSÁRIA,VALIDAÇÃO NECESSÁRIA,soprano,uma oitava acima,VALIDAÇÃO NECESSÁRIA,VALIDAÇÃO NECESSÁRIA,VALIDAÇÃO NECESSÁRIA,
151,"Se, de Cristo, o Nome amares",Hinário CCB nº 5,Hinario-CCB-5-orgao_101_a_200.pdf,74,VALIDAÇÃO NECESSÁRIA,VALIDAÇÃO NECESSÁRIA,VALIDAÇÃO NECESSÁRIA,soprano,uma oitava acima,VALIDAÇÃO NECESSÁRIA,VALIDAÇÃO NECESSÁRIA,VALIDAÇÃO NECESSÁRIA,
152,Venho à casa do Senhor,Hinário CCB nº 5,Hinario-CCB-5-orgao_101_a_200.pdf,75,VALIDAÇÃO NECESSÁRIA,VALIDAÇÃO NECESSÁRIA,VALIDAÇÃO NECESSÁRIA,soprano,uma oitava acima,VALIDAÇÃO NECESSÁRIA,VALIDAÇÃO NECESSÁRIA,VALIDAÇÃO NECESSÁRIA,
153,O divinal Cordeiro,Hinário CCB nº 5,Hinario-CCB-5-orgao_101_a_200.pdf,76,VALIDAÇÃO NECESSÁRIA,VALIDAÇÃO NECESSÁRIA,VALIDAÇÃO NECESSÁRIA,soprano,uma oitava acima,VALIDAÇÃO NECESSÁRIA,VALIDAÇÃO NECESSÁRIA,VALIDAÇÃO NECESSÁRIA,
154,Terá que renascer,Hinário CCB nº 5,Hinario-CCB-5-orgao_101_a_200.pdf,77,VALIDAÇÃO NECESSÁRIA,VALIDAÇÃO NECESSÁRIA,VALIDAÇÃO NECESSÁRIA,soprano,uma oitava acima,VALIDAÇÃO NECESSÁRIA,VALIDAÇÃO NECESSÁRIA,VALIDAÇÃO NECESSÁRIA,
155,"Olha a Cristo, o Redentor",Hinário CCB nº 5,Hinario-CCB-5-orgao_101_a_200.pdf,78,VALIDAÇÃO NECESSÁRIA,VALIDAÇÃO NECESSÁRIA,VALIDAÇÃO NECESSÁRIA,soprano,uma oitava acima,VALIDAÇÃO NECESSÁRIA,VALIDAÇÃO NECESSÁRIA,VALIDAÇÃO NECESSÁRIA,
156,Cristo entrou nos céus primeiro,Hinário CCB nº 5,Hinario-CCB-5-orgao_101_a_200.pdf,79,VALIDAÇÃO NECESSÁRIA,VALIDAÇÃO NECESSÁRIA,VALIDAÇÃO NECESSÁRIA,soprano,uma oitava acima,VALIDAÇÃO NECESSÁRIA,VALIDAÇÃO NECESSÁRIA,VALIDAÇÃO NECESSÁRIA,
157,Ouve a voz que te convida...,Hinário CCB nº 5,Hinario-CCB-5-orgao_101_a_200.pdf,80,VALIDAÇÃO NECESSÁRIA,VALIDAÇÃO NECESSÁRIA,VALIDAÇÃO NECESSÁRIA,soprano,uma oitava acima,VALIDAÇÃO NECESSÁRIA,VALIDAÇÃO NECESSÁRIA,VALIDAÇÃO NECESSÁRIA,
158,Meu lar está no céu,Hinário CCB nº 5,Hinario-CCB-5-orgao_101_a_200.pdf,81,VALIDAÇÃO NECESSÁRIA,VALIDAÇÃO NECESSÁRIA,VALIDAÇÃO NECESSÁRIA,soprano,uma oitava acima,VALIDAÇÃO NECESSÁRIA,VALIDAÇÃO NECESSÁRIA,VALIDAÇÃO NECESSÁRIA,
159,Deus amou o mundo,Hinário CCB nº 5,Hinario-CCB-5-orgao_101_a_200.pdf,82,VALIDAÇÃO NECESSÁRIA,VALIDAÇÃO NECESSÁRIA,VALIDAÇÃO NECESSÁRIA,soprano,uma oitava acima,VALIDAÇÃO NECESSÁRIA,VALIDAÇÃO NECESSÁRIA,VALIDAÇÃO NECESSÁRIA,
160,"""Sou o Caminho, a Verdade e a Vida""",Hinário CCB nº 5,Hinario-CCB-5-orgao_101_a_200.pdf,83,VALIDAÇÃO NECESSÁRIA,VALIDAÇÃO NECESSÁRIA,VALIDAÇÃO NECESSÁRIA,soprano,uma oitava acima,VALIDAÇÃO NECESSÁRIA,VALIDAÇÃO NECESSÁRIA,VALIDAÇÃO NECESSÁRIA,
161,Cristo quer salvar,Hinário CCB nº 5,Hinario-CCB-5-orgao_101_a_200.pdf,84,VALIDAÇÃO NECESSÁRIA,VALIDAÇÃO NECESSÁRIA,VALIDAÇÃO NECESSÁRIA,soprano,uma oitava acima,VALIDAÇÃO NECESSÁRIA,VALIDAÇÃO NECESSÁRIA,VALIDAÇÃO NECESSÁRIA,
162,Cristo salvou-me,Hinário CCB nº 5,Hinario-CCB-5-orgao_101_a_200.pdf,85,VALIDAÇÃO NECESSÁRIA,VALIDAÇÃO NECESSÁRIA,VALIDAÇÃO NECESSÁRIA,soprano,uma oitava acima,VALIDAÇÃO NECESSÁRIA,VALIDAÇÃO NECESSÁRIA,VALIDAÇÃO NECESSÁRIA,
163,Neste mundo de ilusão,Hinário CCB nº 5,Hinario-CCB-5-orgao_101_a_200.pdf,86,VALIDAÇÃO NECESSÁRIA,VALIDAÇÃO NECESSÁRIA,VALIDAÇÃO NECESSÁRIA,soprano,uma oitava acima,VALIDAÇÃO NECESSÁRIA,VALIDAÇÃO NECESSÁRIA,VALIDAÇÃO NECESSÁRIA,
164,Louvemos sempre alegres,Hinário CCB nº 5,Hinario-CCB-5-orgao_101_a_200.pdf,87,VALIDAÇÃO NECESSÁRIA,VALIDAÇÃO NECESSÁRIA,VALIDAÇÃO NECESSÁRIA,soprano,uma oitava acima,VALIDAÇÃO NECESSÁRIA,VALIDAÇÃO NECESSÁRIA,VALIDAÇÃO NECESSÁRIA,
165,Foi o Senhor Jesus,Hinário CCB nº 5,Hinario-CCB-5-orgao_101_a_200.pdf,88,VALIDAÇÃO NECESSÁRIA,VALIDAÇÃO NECESSÁRIA,VALIDAÇÃO NECESSÁRIA,soprano,uma oitava acima,VALIDAÇÃO NECESSÁRIA,VALIDAÇÃO NECESSÁRIA,VALIDAÇÃO NECESSÁRIA,
166,A graça inefável de Deus,Hinário CCB nº 5,Hinario-CCB-5-orgao_101_a_200.pdf,89,VALIDAÇÃO NECESSÁRIA,VALIDAÇÃO NECESSÁRIA,VALIDAÇÃO NECESSÁRIA,soprano,uma oitava acima,VALIDAÇÃO NECESSÁRIA,VALIDAÇÃO NECESSÁRIA,VALIDAÇÃO NECESSÁRIA,
167,Água viva,Hinário CCB nº 5,Hinario-CCB-5-orgao_101_a_200.pdf,90,VALIDAÇÃO NECESSÁRIA,VALIDAÇÃO NECESSÁRIA,VALIDAÇÃO NECESSÁRIA,soprano,uma oitava acima,VALIDAÇÃO NECESSÁRIA,VALIDAÇÃO NECESSÁRIA,VALIDAÇÃO NECESSÁRIA,
168,A Palavra do Senhor,Hinário CCB nº 5,Hinario-CCB-5-orgao_101_a_200.pdf,91,VALIDAÇÃO NECESSÁRIA,VALIDAÇÃO NECESSÁRIA,VALIDAÇÃO NECESSÁRIA,soprano,uma oitava acima,VALIDAÇÃO NECESSÁRIA,VALIDAÇÃO NECESSÁRIA,VALIDAÇÃO NECESSÁRIA,
169,Aos pés de Deus estamos,Hinário CCB nº 5,Hinario-CCB-5-orgao_101_a_200.pdf,92,VALIDAÇÃO NECESSÁRIA,VALIDAÇÃO NECESSÁRIA,VALIDAÇÃO NECESSÁRIA,soprano,uma oitava acima,VALIDAÇÃO NECESSÁRIA,VALIDAÇÃO NECESSÁRIA,VALIDAÇÃO NECESSÁRIA,
170,"Pai eternal, envia dos céus...",Hinário CCB nº 5,Hinario-CCB-5-orgao_101_a_200.pdf,93,VALIDAÇÃO NECESSÁRIA,VALIDAÇÃO NECESSÁRIA,VALIDAÇÃO NECESSÁRIA,soprano,uma oitava acima,VALIDAÇÃO NECESSÁRIA,VALIDAÇÃO NECESSÁRIA,VALIDAÇÃO NECESSÁRIA,
171,Vida eterna! Vida eterna!,Hinário CCB nº 5,Hinario-CCB-5-orgao_101_a_200.pdf,94,VALIDAÇÃO NECESSÁRIA,VALIDAÇÃO NECESSÁRIA,VALIDAÇÃO NECESSÁRIA,soprano,uma oitava acima,VALIDAÇÃO NECESSÁRIA,VALIDAÇÃO NECESSÁRIA,VALIDAÇÃO NECESSÁRIA,
172,Um culto santo ao Senhor,Hinário CCB nº 5,Hinario-CCB-5-orgao_101_a_200.pdf,95,VALIDAÇÃO NECESSÁRIA,VALIDAÇÃO NECESSÁRIA,VALIDAÇÃO NECESSÁRIA,soprano,uma oitava acima,VALIDAÇÃO NECESSÁRIA,VALIDAÇÃO NECESSÁRIA,VALIDAÇÃO NECESSÁRIA,
173,Para ouvir aqui estamos,Hinário CCB nº 5,Hinario-CCB-5-orgao_101_a_200.pdf,96,VALIDAÇÃO NECESSÁRIA,VALIDAÇÃO NECESSÁRIA,VALIDAÇÃO NECESSÁRIA,soprano,uma oitava acima,VALIDAÇÃO NECESSÁRIA,VALIDAÇÃO NECESSÁRIA,VALIDAÇÃO NECESSÁRIA,
174,Vem atender ao Seu chamado,Hinário CCB nº 5,Hinario-CCB-5-orgao_101_a_200.pdf,97,VALIDAÇÃO NECESSÁRIA,VALIDAÇÃO NECESSÁRIA,VALIDAÇÃO NECESSÁRIA,soprano,uma oitava acima,VALIDAÇÃO NECESSÁRIA,VALIDAÇÃO NECESSÁRIA,VALIDAÇÃO NECESSÁRIA,
175,O Senhor Jesus te chama,Hinário CCB nº 5,Hinario-CCB-5-orgao_101_a_200.pdf,98,VALIDAÇÃO NECESSÁRIA,VALIDAÇÃO NECESSÁRIA,VALIDAÇÃO NECESSÁRIA,soprano,uma oitava acima,VALIDAÇÃO NECESSÁRIA,VALIDAÇÃO NECESSÁRIA,VALIDAÇÃO NECESSÁRIA,
176,"Por Ti vivo, ó Deus potente",Hinário CCB nº 5,Hinario-CCB-5-orgao_101_a_200.pdf,99,VALIDAÇÃO NECESSÁRIA,VALIDAÇÃO NECESSÁRIA,VALIDAÇÃO NECESSÁRIA,soprano,uma oitava acima,VALIDAÇÃO NECESSÁRIA,VALIDAÇÃO NECESSÁRIA,VALIDAÇÃO NECESSÁRIA,
177,Eu necessito achegar-me,Hinário CCB nº 5,Hinario-CCB-5-orgao_101_a_200.pdf,100,VALIDAÇÃO NECESSÁRIA,VALIDAÇÃO NECESSÁRIA,VALIDAÇÃO NECESSÁRIA,soprano,uma oitava acima,VALIDAÇÃO NECESSÁRIA,VALIDAÇÃO NECESSÁRIA,VALIDAÇÃO NECESSÁRIA,
178,A Palavra preciosa,Hinário CCB nº 5,Hinario-CCB-5-orgao_201_a_300.pdf,1,VALIDAÇÃO NECESSÁRIA,VALIDAÇÃO NECESSÁRIA,VALIDAÇÃO NECESSÁRIA,soprano,uma oitava acima,VALIDAÇÃO NECESSÁRIA,VALIDAÇÃO NECESSÁRIA,VALIDAÇÃO NECESSÁRIA,
179,Trabalhai! Trabalhai!,Hinário CCB nº 5,Hinario-CCB-5-orgao_201_a_300.pdf,2,VALIDAÇÃO NECESSÁRIA,VALIDAÇÃO NECESSÁRIA,VALIDAÇÃO NECESSÁRIA,soprano,uma oitava acima,VALIDAÇÃO NECESSÁRIA,VALIDAÇÃO NECESSÁRIA,VALIDAÇÃO NECESSÁRIA,
180,Jesus é a Luz que veio ao mundo...,Hinário CCB nº 5,Hinario-CCB-5-orgao_201_a_300.pdf,3,VALIDAÇÃO NECESSÁRIA,VALIDAÇÃO NECESSÁRIA,VALIDAÇÃO NECESSÁRIA,soprano,uma oitava acima,VALIDAÇÃO NECESSÁRIA,VALIDAÇÃO NECESSÁRIA,VALIDAÇÃO NECESSÁRIA,
181,"Só em Cristo, só em Cristo",Hinário CCB nº 5,Hinario-CCB-5-orgao_201_a_300.pdf,4,VALIDAÇÃO NECESSÁRIA,VALIDAÇÃO NECESSÁRIA,VALIDAÇÃO NECESSÁRIA,soprano,uma oitava acima,VALIDAÇÃO NECESSÁRIA,VALIDAÇÃO NECESSÁRIA,VALIDAÇÃO NECESSÁRIA,
182,Brevemente retornará Jesus Cristo,Hinário CCB nº 5,Hinario-CCB-5-orgao_201_a_300.pdf,5,VALIDAÇÃO NECESSÁRIA,VALIDAÇÃO NECESSÁRIA,VALIDAÇÃO NECESSÁRIA,soprano,uma oitava acima,VALIDAÇÃO NECESSÁRIA,VALIDAÇÃO NECESSÁRIA,VALIDAÇÃO NECESSÁRIA,
183,Cristo Jesus é a Porta dos céus,Hinário CCB nº 5,Hinario-CCB-5-orgao_201_a_300.pdf,6,VALIDAÇÃO NECESSÁRIA,VALIDAÇÃO NECESSÁRIA,VALIDAÇÃO NECESSÁRIA,soprano,uma oitava acima,VALIDAÇÃO NECESSÁRIA,VALIDAÇÃO NECESSÁRIA,VALIDAÇÃO NECESSÁRIA,
184,"Nós Te louvamos, por fé, grande Deus",Hinário CCB nº 5,Hinario-CCB-5-orgao_201_a_300.pdf,7,VALIDAÇÃO NECESSÁRIA,VALIDAÇÃO NECESSÁRIA,VALIDAÇÃO NECESSÁRIA,soprano,uma oitava acima,VALIDAÇÃO NECESSÁRIA,VALIDAÇÃO NECESSÁRIA,VALIDAÇÃO NECESSÁRIA,
185,Deus mandou Sua Luz,Hinário CCB nº 5,Hinario-CCB-5-orgao_201_a_300.pdf,8,VALIDAÇÃO NECESSÁRIA,VALIDAÇÃO NECESSÁRIA,VALIDAÇÃO NECESSÁRIA,soprano,uma oitava acima,VALIDAÇÃO NECESSÁRIA,VALIDAÇÃO NECESSÁRIA,VALIDAÇÃO NECESSÁRIA,
186,"Cristo, Luz do mundo",Hinário CCB nº 5,Hinario-CCB-5-orgao_201_a_300.pdf,9,VALIDAÇÃO NECESSÁRIA,VALIDAÇÃO NECESSÁRIA,VALIDAÇÃO NECESSÁRIA,soprano,uma oitava acima,VALIDAÇÃO NECESSÁRIA,VALIDAÇÃO NECESSÁRIA,VALIDAÇÃO NECESSÁRIA,
187,Jesus Cristo habita em nós,Hinário CCB nº 5,Hinario-CCB-5-orgao_201_a_300.pdf,10,VALIDAÇÃO NECESSÁRIA,VALIDAÇÃO NECESSÁRIA,VALIDAÇÃO NECESSÁRIA,soprano,uma oitava acima,VALIDAÇÃO NECESSÁRIA,VALIDAÇÃO NECESSÁRIA,VALIDAÇÃO NECESSÁRIA,
188,O Mestre habita em mim,Hinário CCB nº 5,Hinario-CCB-5-orgao_201_a_300.pdf,12,VALIDAÇÃO NECESSÁRIA,VALIDAÇÃO NECESSÁRIA,VALIDAÇÃO NECESSÁRIA,soprano,uma oitava acima,VALIDAÇÃO NECESSÁRIA,VALIDAÇÃO NECESSÁRIA,VALIDAÇÃO NECESSÁRIA,
189,Oh! Que preciosa paz,Hinário CCB nº 5,Hinario-CCB-5-orgao_201_a_300.pdf,13,VALIDAÇÃO NECESSÁRIA,VALIDAÇÃO NECESSÁRIA,VALIDAÇÃO NECESSÁRIA,soprano,uma oitava acima,VALIDAÇÃO NECESSÁRIA,VALIDAÇÃO NECESSÁRIA,VALIDAÇÃO NECESSÁRIA,
190,"Amados, não temamos",Hinário CCB nº 5,Hinario-CCB-5-orgao_201_a_300.pdf,14,VALIDAÇÃO NECESSÁRIA,VALIDAÇÃO NECESSÁRIA,VALIDAÇÃO NECESSÁRIA,soprano,uma oitava acima,VALIDAÇÃO NECESSÁRIA,VALIDAÇÃO NECESSÁRIA,VALIDAÇÃO NECESSÁRIA,
191,"Vem, vem consolar-me",Hinário CCB nº 5,Hinario-CCB-5-orgao_201_a_300.pdf,15,VALIDAÇÃO NECESSÁRIA,VALIDAÇÃO NECESSÁRIA,VALIDAÇÃO NECESSÁRIA,soprano,uma oitava acima,VALIDAÇÃO NECESSÁRIA,VALIDAÇÃO NECESSÁRIA,VALIDAÇÃO NECESSÁRIA,
192,Quão fiel promessa Jesus nos fez,Hinário CCB nº 5,Hinario-CCB-5-orgao_201_a_300.pdf,16,VALIDAÇÃO NECESSÁRIA,VALIDAÇÃO NECESSÁRIA,VALIDAÇÃO NECESSÁRIA,soprano,uma oitava acima,VALIDAÇÃO NECESSÁRIA,VALIDAÇÃO NECESSÁRIA,VALIDAÇÃO NECESSÁRIA,
193,Nada jamais me faltará,Hinário CCB nº 5,Hinario-CCB-5-orgao_201_a_300.pdf,17,VALIDAÇÃO NECESSÁRIA,VALIDAÇÃO NECESSÁRIA,VALIDAÇÃO NECESSÁRIA,soprano,uma oitava acima,VALIDAÇÃO NECESSÁRIA,VALIDAÇÃO NECESSÁRIA,VALIDAÇÃO NECESSÁRIA,
194,""" Vós chorareis e vos lamentareis""",Hinário CCB nº 5,Hinario-CCB-5-orgao_201_a_300.pdf,18,VALIDAÇÃO NECESSÁRIA,VALIDAÇÃO NECESSÁRIA,VALIDAÇÃO NECESSÁRIA,soprano,uma oitava acima,VALIDAÇÃO NECESSÁRIA,VALIDAÇÃO NECESSÁRIA,VALIDAÇÃO NECESSÁRIA,
195,"Senhor, estou disposto",Hinário CCB nº 5,Hinario-CCB-5-orgao_201_a_300.pdf,19,VALIDAÇÃO NECESSÁRIA,VALIDAÇÃO NECESSÁRIA,VALIDAÇÃO NECESSÁRIA,soprano,uma oitava acima,VALIDAÇÃO NECESSÁRIA,VALIDAÇÃO NECESSÁRIA,VALIDAÇÃO NECESSÁRIA,
196,Sem Deus Pai,Hinário CCB nº 5,Hinario-CCB-5-orgao_201_a_300.pdf,20,VALIDAÇÃO NECESSÁRIA,VALIDAÇÃO NECESSÁRIA,VALIDAÇÃO NECESSÁRIA,soprano,uma oitava acima,VALIDAÇÃO NECESSÁRIA,VALIDAÇÃO NECESSÁRIA,VALIDAÇÃO NECESSÁRIA,
197,"Senhor, por Teu poder",Hinário CCB nº 5,Hinario-CCB-5-orgao_201_a_300.pdf,21,VALIDAÇÃO NECESSÁRIA,VALIDAÇÃO NECESSÁRIA,VALIDAÇÃO NECESSÁRIA,soprano,uma oitava acima,VALIDAÇÃO NECESSÁRIA,VALIDAÇÃO NECESSÁRIA,VALIDAÇÃO NECESSÁRIA,
198,Nosso Pai celeste sabe e provê,Hinário CCB nº 5,Hinario-CCB-5-orgao_201_a_300.pdf,22,VALIDAÇÃO NECESSÁRIA,VALIDAÇÃO NECESSÁRIA,VALIDAÇÃO NECESSÁRIA,soprano,uma oitava acima,VALIDAÇÃO NECESSÁRIA,VALIDAÇÃO NECESSÁRIA,VALIDAÇÃO NECESSÁRIA,
199,"Senhor, Tu és a minha Porção",Hinário CCB nº 5,Hinario-CCB-5-orgao_201_a_300.pdf,23,VALIDAÇÃO NECESSÁRIA,VALIDAÇÃO NECESSÁRIA,VALIDAÇÃO NECESSÁRIA,soprano,uma oitava acima,VALIDAÇÃO NECESSÁRIA,VALIDAÇÃO NECESSÁRIA,VALIDAÇÃO NECESSÁRIA,
200,"""Não se turbe o vosso coração""",Hinário CCB nº 5,Hinario-CCB-5-orgao_201_a_300.pdf,24,VALIDAÇÃO NECESSÁRIA,VALIDAÇÃO NECESSÁRIA,VALIDAÇÃO NECESSÁRIA,soprano,uma oitava acima,VALIDAÇÃO NECESSÁRIA,VALIDAÇÃO NECESSÁRIA,VALIDAÇÃO NECESSÁRIA,
201,Deus nos guarde...,Hinário CCB nº 5,Hinario-CCB-5-orgao_201_a_300.pdf,25,VALIDAÇÃO NECESSÁRIA,VALIDAÇÃO NECESSÁRIA,VALIDAÇÃO NECESSÁRIA,soprano,uma oitava acima,VALIDAÇÃO NECESSÁRIA,VALIDAÇÃO NECESSÁRIA,VALIDAÇÃO NECESSÁRIA,
202,"Em Ti me alegro, Senhor",Hinário CCB nº 5,Hinario-CCB-5-orgao_201_a_300.pdf,26,VALIDAÇÃO NECESSÁRIA,VALIDAÇÃO NECESSÁRIA,VALIDAÇÃO NECESSÁRIA,soprano,uma oitava acima,VALIDAÇÃO NECESSÁRIA,VALIDAÇÃO NECESSÁRIA,VALIDAÇÃO NECESSÁRIA,
203,O meu vero Amigo é Jesus,Hinário CCB nº 5,Hinario-CCB-5-orgao_201_a_300.pdf,27,VALIDAÇÃO NECESSÁRIA,VALIDAÇÃO NECESSÁRIA,VALIDAÇÃO NECESSÁRIA,soprano,uma oitava acima,VALIDAÇÃO NECESSÁRIA,VALIDAÇÃO NECESSÁRIA,VALIDAÇÃO NECESSÁRIA,
204,Só Jesus é Amigo verdadeiro,Hinário CCB nº 5,Hinario-CCB-5-orgao_201_a_300.pdf,28,VALIDAÇÃO NECESSÁRIA,VALIDAÇÃO NECESSÁRIA,VALIDAÇÃO NECESSÁRIA,soprano,uma oitava acima,VALIDAÇÃO NECESSÁRIA,VALIDAÇÃO NECESSÁRIA,VALIDAÇÃO NECESSÁRIA,
205,Salvo por Seu poder,Hinário CCB nº 5,Hinario-CCB-5-orgao_201_a_300.pdf,29,VALIDAÇÃO NECESSÁRIA,VALIDAÇÃO NECESSÁRIA,VALIDAÇÃO NECESSÁRIA,soprano,uma oitava acima,VALIDAÇÃO NECESSÁRIA,VALIDAÇÃO NECESSÁRIA,VALIDAÇÃO NECESSÁRIA,
206,Tu és o Amigo,Hinário CCB nº 5,Hinario-CCB-5-orgao_201_a_300.pdf,30,VALIDAÇÃO NECESSÁRIA,VALIDAÇÃO NECESSÁRIA,VALIDAÇÃO NECESSÁRIA,soprano,uma oitava acima,VALIDAÇÃO NECESSÁRIA,VALIDAÇÃO NECESSÁRIA,VALIDAÇÃO NECESSÁRIA,
207,Cristo é fiel,Hinário CCB nº 5,Hinario-CCB-5-orgao_201_a_300.pdf,31,VALIDAÇÃO NECESSÁRIA,VALIDAÇÃO NECESSÁRIA,VALIDAÇÃO NECESSÁRIA,soprano,uma oitava acima,VALIDAÇÃO NECESSÁRIA,VALIDAÇÃO NECESSÁRIA,VALIDAÇÃO NECESSÁRIA,
208,"Conserva a paz, ó minha alma",Hinário CCB nº 5,Hinario-CCB-5-orgao_201_a_300.pdf,32,VALIDAÇÃO NECESSÁRIA,VALIDAÇÃO NECESSÁRIA,VALIDAÇÃO NECESSÁRIA,soprano,uma oitava acima,VALIDAÇÃO NECESSÁRIA,VALIDAÇÃO NECESSÁRIA,VALIDAÇÃO NECESSÁRIA,
209,"Oh! Marchai, soldados",Hinário CCB nº 5,Hinario-CCB-5-orgao_201_a_300.pdf,33,VALIDAÇÃO NECESSÁRIA,VALIDAÇÃO NECESSÁRIA,VALIDAÇÃO NECESSÁRIA,soprano,uma oitava acima,VALIDAÇÃO NECESSÁRIA,VALIDAÇÃO NECESSÁRIA,VALIDAÇÃO NECESSÁRIA,
210,Grandes promessas,Hinário CCB nº 5,Hinario-CCB-5-orgao_201_a_300.pdf,34,VALIDAÇÃO NECESSÁRIA,VALIDAÇÃO NECESSÁRIA,VALIDAÇÃO NECESSÁRIA,soprano,uma oitava acima,VALIDAÇÃO NECESSÁRIA,VALIDAÇÃO NECESSÁRIA,VALIDAÇÃO NECESSÁRIA,
211,O Senhor Jesus passava...,Hinário CCB nº 5,Hinario-CCB-5-orgao_201_a_300.pdf,35,VALIDAÇÃO NECESSÁRIA,VALIDAÇÃO NECESSÁRIA,VALIDAÇÃO NECESSÁRIA,soprano,uma oitava acima,VALIDAÇÃO NECESSÁRIA,VALIDAÇÃO NECESSÁRIA,VALIDAÇÃO NECESSÁRIA,
212,Testemunhas verazes nós somos,Hinário CCB nº 5,Hinario-CCB-5-orgao_201_a_300.pdf,36,VALIDAÇÃO NECESSÁRIA,VALIDAÇÃO NECESSÁRIA,VALIDAÇÃO NECESSÁRIA,soprano,uma oitava acima,VALIDAÇÃO NECESSÁRIA,VALIDAÇÃO NECESSÁRIA,VALIDAÇÃO NECESSÁRIA,
213,Quando vier do céu,Hinário CCB nº 5,Hinario-CCB-5-orgao_201_a_300.pdf,37,VALIDAÇÃO NECESSÁRIA,VALIDAÇÃO NECESSÁRIA,VALIDAÇÃO NECESSÁRIA,soprano,uma oitava acima,VALIDAÇÃO NECESSÁRIA,VALIDAÇÃO NECESSÁRIA,VALIDAÇÃO NECESSÁRIA,
214,"Como foi para os céus, assim virá",Hinário CCB nº 5,Hinario-CCB-5-orgao_201_a_300.pdf,38,VALIDAÇÃO NECESSÁRIA,VALIDAÇÃO NECESSÁRIA,VALIDAÇÃO NECESSÁRIA,soprano,uma oitava acima,VALIDAÇÃO NECESSÁRIA,VALIDAÇÃO NECESSÁRIA,VALIDAÇÃO NECESSÁRIA,
215,Em breve ao céu irei,Hinário CCB nº 5,Hinario-CCB-5-orgao_201_a_300.pdf,40,VALIDAÇÃO NECESSÁRIA,VALIDAÇÃO NECESSÁRIA,VALIDAÇÃO NECESSÁRIA,soprano,uma oitava acima,VALIDAÇÃO NECESSÁRIA,VALIDAÇÃO NECESSÁRIA,VALIDAÇÃO NECESSÁRIA,
216,"Irmãos, amemos ao Senhor",Hinário CCB nº 5,Hinario-CCB-5-orgao_201_a_300.pdf,41,VALIDAÇÃO NECESSÁRIA,VALIDAÇÃO NECESSÁRIA,VALIDAÇÃO NECESSÁRIA,soprano,uma oitava acima,VALIDAÇÃO NECESSÁRIA,VALIDAÇÃO NECESSÁRIA,VALIDAÇÃO NECESSÁRIA,
217,"Vamos, unidos, a Deus louvar",Hinário CCB nº 5,Hinario-CCB-5-orgao_201_a_300.pdf,42,VALIDAÇÃO NECESSÁRIA,VALIDAÇÃO NECESSÁRIA,VALIDAÇÃO NECESSÁRIA,soprano,uma oitava acima,VALIDAÇÃO NECESSÁRIA,VALIDAÇÃO NECESSÁRIA,VALIDAÇÃO NECESSÁRIA,
218,"Oh! Jubilemos, devotos de Cristo",Hinário CCB nº 5,Hinario-CCB-5-orgao_201_a_300.pdf,43,VALIDAÇÃO NECESSÁRIA,VALIDAÇÃO NECESSÁRIA,VALIDAÇÃO NECESSÁRIA,soprano,uma oitava acima,VALIDAÇÃO NECESSÁRIA,VALIDAÇÃO NECESSÁRIA,VALIDAÇÃO NECESSÁRIA,
219,Novos céus nós aguardamos,Hinário CCB nº 5,Hinario-CCB-5-orgao_201_a_300.pdf,44,VALIDAÇÃO NECESSÁRIA,VALIDAÇÃO NECESSÁRIA,VALIDAÇÃO NECESSÁRIA,soprano,uma oitava acima,VALIDAÇÃO NECESSÁRIA,VALIDAÇÃO NECESSÁRIA,VALIDAÇÃO NECESSÁRIA,
220,Cristo voltará,Hinário CCB nº 5,Hinario-CCB-5-orgao_201_a_300.pdf,46,VALIDAÇÃO NECESSÁRIA,VALIDAÇÃO NECESSÁRIA,VALIDAÇÃO NECESSÁRIA,soprano,uma oitava acima,VALIDAÇÃO NECESSÁRIA,VALIDAÇÃO NECESSÁRIA,VALIDAÇÃO NECESSÁRIA,
221,A descida do Espírito Santo,Hinário CCB nº 5,Hinario-CCB-5-orgao_201_a_300.pdf,47,VALIDAÇÃO NECESSÁRIA,VALIDAÇÃO NECESSÁRIA,VALIDAÇÃO NECESSÁRIA,soprano,uma oitava acima,VALIDAÇÃO NECESSÁRIA,VALIDAÇÃO NECESSÁRIA,VALIDAÇÃO NECESSÁRIA,
222,Brevemente virá o Senhor Jesus,Hinário CCB nº 5,Hinario-CCB-5-orgao_201_a_300.pdf,48,VALIDAÇÃO NECESSÁRIA,VALIDAÇÃO NECESSÁRIA,VALIDAÇÃO NECESSÁRIA,soprano,uma oitava acima,VALIDAÇÃO NECESSÁRIA,VALIDAÇÃO NECESSÁRIA,VALIDAÇÃO NECESSÁRIA,
223,"Muitos, por fé, aceitaram Jesus",Hinário CCB nº 5,Hinario-CCB-5-orgao_201_a_300.pdf,49,VALIDAÇÃO NECESSÁRIA,VALIDAÇÃO NECESSÁRIA,VALIDAÇÃO NECESSÁRIA,soprano,uma oitava acima,VALIDAÇÃO NECESSÁRIA,VALIDAÇÃO NECESSÁRIA,VALIDAÇÃO NECESSÁRIA,
224,Só Jesus concede paz e salvação,Hinário CCB nº 5,Hinario-CCB-5-orgao_201_a_300.pdf,50,VALIDAÇÃO NECESSÁRIA,VALIDAÇÃO NECESSÁRIA,VALIDAÇÃO NECESSÁRIA,soprano,uma oitava acima,VALIDAÇÃO NECESSÁRIA,VALIDAÇÃO NECESSÁRIA,VALIDAÇÃO NECESSÁRIA,
225,"Senhor, com Tua voz me chamas",Hinário CCB nº 5,Hinario-CCB-5-orgao_201_a_300.pdf,51,VALIDAÇÃO NECESSÁRIA,VALIDAÇÃO NECESSÁRIA,VALIDAÇÃO NECESSÁRIA,soprano,uma oitava acima,VALIDAÇÃO NECESSÁRIA,VALIDAÇÃO NECESSÁRIA,VALIDAÇÃO NECESSÁRIA,
226,A história do Evangelho,Hinário CCB nº 5,Hinario-CCB-5-orgao_201_a_300.pdf,52,VALIDAÇÃO NECESSÁRIA,VALIDAÇÃO NECESSÁRIA,VALIDAÇÃO NECESSÁRIA,soprano,uma oitava acima,VALIDAÇÃO NECESSÁRIA,VALIDAÇÃO NECESSÁRIA,VALIDAÇÃO NECESSÁRIA,
227,Procuras tu ao Salvador?,Hinário CCB nº 5,Hinario-CCB-5-orgao_201_a_300.pdf,54,VALIDAÇÃO NECESSÁRIA,VALIDAÇÃO NECESSÁRIA,VALIDAÇÃO NECESSÁRIA,soprano,uma oitava acima,VALIDAÇÃO NECESSÁRIA,VALIDAÇÃO NECESSÁRIA,VALIDAÇÃO NECESSÁRIA,
228,Salvação! Salvação!,Hinário CCB nº 5,Hinario-CCB-5-orgao_201_a_300.pdf,55,VALIDAÇÃO NECESSÁRIA,VALIDAÇÃO NECESSÁRIA,VALIDAÇÃO NECESSÁRIA,soprano,uma oitava acima,VALIDAÇÃO NECESSÁRIA,VALIDAÇÃO NECESSÁRIA,VALIDAÇÃO NECESSÁRIA,
229,Eu vivia no pecado,Hinário CCB nº 5,Hinario-CCB-5-orgao_201_a_300.pdf,56,VALIDAÇÃO NECESSÁRIA,VALIDAÇÃO NECESSÁRIA,VALIDAÇÃO NECESSÁRIA,soprano,uma oitava acima,VALIDAÇÃO NECESSÁRIA,VALIDAÇÃO NECESSÁRIA,VALIDAÇÃO NECESSÁRIA,
230,A Ti rendemos graças,Hinário CCB nº 5,Hinario-CCB-5-orgao_201_a_300.pdf,57,VALIDAÇÃO NECESSÁRIA,VALIDAÇÃO NECESSÁRIA,VALIDAÇÃO NECESSÁRIA,soprano,uma oitava acima,VALIDAÇÃO NECESSÁRIA,VALIDAÇÃO NECESSÁRIA,VALIDAÇÃO NECESSÁRIA,
231,"Provemos, irmãos, do amor do Senhor",Hinário CCB nº 5,Hinario-CCB-5-orgao_201_a_300.pdf,58,VALIDAÇÃO NECESSÁRIA,VALIDAÇÃO NECESSÁRIA,VALIDAÇÃO NECESSÁRIA,soprano,uma oitava acima,VALIDAÇÃO NECESSÁRIA,VALIDAÇÃO NECESSÁRIA,VALIDAÇÃO NECESSÁRIA,
232,Seguro estou...,Hinário CCB nº 5,Hinario-CCB-5-orgao_201_a_300.pdf,59,VALIDAÇÃO NECESSÁRIA,VALIDAÇÃO NECESSÁRIA,VALIDAÇÃO NECESSÁRIA,soprano,uma oitava acima,VALIDAÇÃO NECESSÁRIA,VALIDAÇÃO NECESSÁRIA,VALIDAÇÃO NECESSÁRIA,
233,"Avante, santos e fiéis de Deus",Hinário CCB nº 5,Hinario-CCB-5-orgao_201_a_300.pdf,60,VALIDAÇÃO NECESSÁRIA,VALIDAÇÃO NECESSÁRIA,VALIDAÇÃO NECESSÁRIA,soprano,uma oitava acima,VALIDAÇÃO NECESSÁRIA,VALIDAÇÃO NECESSÁRIA,VALIDAÇÃO NECESSÁRIA,
234,O meu ser entrego a Cristo,Hinário CCB nº 5,Hinario-CCB-5-orgao_201_a_300.pdf,61,VALIDAÇÃO NECESSÁRIA,VALIDAÇÃO NECESSÁRIA,VALIDAÇÃO NECESSÁRIA,soprano,uma oitava acima,VALIDAÇÃO NECESSÁRIA,VALIDAÇÃO NECESSÁRIA,VALIDAÇÃO NECESSÁRIA,
235,Um amor imenso,Hinário CCB nº 5,Hinario-CCB-5-orgao_201_a_300.pdf,62,VALIDAÇÃO NECESSÁRIA,VALIDAÇÃO NECESSÁRIA,VALIDAÇÃO NECESSÁRIA,soprano,uma oitava acima,VALIDAÇÃO NECESSÁRIA,VALIDAÇÃO NECESSÁRIA,VALIDAÇÃO NECESSÁRIA,
236,Há um lugar de eterna paz,Hinário CCB nº 5,Hinario-CCB-5-orgao_201_a_300.pdf,63,VALIDAÇÃO NECESSÁRIA,VALIDAÇÃO NECESSÁRIA,VALIDAÇÃO NECESSÁRIA,soprano,uma oitava acima,VALIDAÇÃO NECESSÁRIA,VALIDAÇÃO NECESSÁRIA,VALIDAÇÃO NECESSÁRIA,
237,Deus é por mim,Hinário CCB nº 5,Hinario-CCB-5-orgao_201_a_300.pdf,64,VALIDAÇÃO NECESSÁRIA,VALIDAÇÃO NECESSÁRIA,VALIDAÇÃO NECESSÁRIA,soprano,uma oitava acima,VALIDAÇÃO NECESSÁRIA,VALIDAÇÃO NECESSÁRIA,VALIDAÇÃO NECESSÁRIA,
238,"Teu servo ouve; fala, Senhor",Hinário CCB nº 5,Hinario-CCB-5-orgao_201_a_300.pdf,65,VALIDAÇÃO NECESSÁRIA,VALIDAÇÃO NECESSÁRIA,VALIDAÇÃO NECESSÁRIA,soprano,uma oitava acima,VALIDAÇÃO NECESSÁRIA,VALIDAÇÃO NECESSÁRIA,VALIDAÇÃO NECESSÁRIA,
239,Eis que a noite é passada,Hinário CCB nº 5,Hinario-CCB-5-orgao_201_a_300.pdf,66,VALIDAÇÃO NECESSÁRIA,VALIDAÇÃO NECESSÁRIA,VALIDAÇÃO NECESSÁRIA,soprano,uma oitava acima,VALIDAÇÃO NECESSÁRIA,VALIDAÇÃO NECESSÁRIA,VALIDAÇÃO NECESSÁRIA,
240,Não me cansarei de cantar,Hinário CCB nº 5,Hinario-CCB-5-orgao_201_a_300.pdf,67,VALIDAÇÃO NECESSÁRIA,VALIDAÇÃO NECESSÁRIA,VALIDAÇÃO NECESSÁRIA,soprano,uma oitava acima,VALIDAÇÃO NECESSÁRIA,VALIDAÇÃO NECESSÁRIA,VALIDAÇÃO NECESSÁRIA,
241,A Justiça divina,Hinário CCB nº 5,Hinario-CCB-5-orgao_201_a_300.pdf,68,VALIDAÇÃO NECESSÁRIA,VALIDAÇÃO NECESSÁRIA,VALIDAÇÃO NECESSÁRIA,soprano,uma oitava acima,VALIDAÇÃO NECESSÁRIA,VALIDAÇÃO NECESSÁRIA,VALIDAÇÃO NECESSÁRIA,
242,"Profundo é o saber de Deus, Criador",Hinário CCB nº 5,Hinario-CCB-5-orgao_201_a_300.pdf,69,VALIDAÇÃO NECESSÁRIA,VALIDAÇÃO NECESSÁRIA,VALIDAÇÃO NECESSÁRIA,soprano,uma oitava acima,VALIDAÇÃO NECESSÁRIA,VALIDAÇÃO NECESSÁRIA,VALIDAÇÃO NECESSÁRIA,
243,É Jesus o nosso Intercessor,Hinário CCB nº 5,Hinario-CCB-5-orgao_201_a_300.pdf,70,VALIDAÇÃO NECESSÁRIA,VALIDAÇÃO NECESSÁRIA,VALIDAÇÃO NECESSÁRIA,soprano,uma oitava acima,VALIDAÇÃO NECESSÁRIA,VALIDAÇÃO NECESSÁRIA,VALIDAÇÃO NECESSÁRIA,
244,Cristo intercede por ti,Hinário CCB nº 5,Hinario-CCB-5-orgao_201_a_300.pdf,71,VALIDAÇÃO NECESSÁRIA,VALIDAÇÃO NECESSÁRIA,VALIDAÇÃO NECESSÁRIA,soprano,uma oitava acima,VALIDAÇÃO NECESSÁRIA,VALIDAÇÃO NECESSÁRIA,VALIDAÇÃO NECESSÁRIA,
245,Não pode entender o mundo,Hinário CCB nº 5,Hinario-CCB-5-orgao_201_a_300.pdf,72,VALIDAÇÃO NECESSÁRIA,VALIDAÇÃO NECESSÁRIA,VALIDAÇÃO NECESSÁRIA,soprano,uma oitava acima,VALIDAÇÃO NECESSÁRIA,VALIDAÇÃO NECESSÁRIA,VALIDAÇÃO NECESSÁRIA,
246,"Irmãos, já resgatados",Hinário CCB nº 5,Hinario-CCB-5-orgao_201_a_300.pdf,73,VALIDAÇÃO NECESSÁRIA,VALIDAÇÃO NECESSÁRIA,VALIDAÇÃO NECESSÁRIA,soprano,uma oitava acima,VALIDAÇÃO NECESSÁRIA,VALIDAÇÃO NECESSÁRIA,VALIDAÇÃO NECESSÁRIA,
247,Se fores tentado,Hinário CCB nº 5,Hinario-CCB-5-orgao_201_a_300.pdf,74,VALIDAÇÃO NECESSÁRIA,VALIDAÇÃO NECESSÁRIA,VALIDAÇÃO NECESSÁRIA,soprano,uma oitava acima,VALIDAÇÃO NECESSÁRIA,VALIDAÇÃO NECESSÁRIA,VALIDAÇÃO NECESSÁRIA,
248,Glória! Aleluia! Sinto Jesus,Hinário CCB nº 5,Hinario-CCB-5-orgao_201_a_300.pdf,75,VALIDAÇÃO NECESSÁRIA,VALIDAÇÃO NECESSÁRIA,VALIDAÇÃO NECESSÁRIA,soprano,uma oitava acima,VALIDAÇÃO NECESSÁRIA,VALIDAÇÃO NECESSÁRIA,VALIDAÇÃO NECESSÁRIA,
249,A Caridade,Hinário CCB nº 5,Hinario-CCB-5-orgao_201_a_300.pdf,76,VALIDAÇÃO NECESSÁRIA,VALIDAÇÃO NECESSÁRIA,VALIDAÇÃO NECESSÁRIA,soprano,uma oitava acima,VALIDAÇÃO NECESSÁRIA,VALIDAÇÃO NECESSÁRIA,VALIDAÇÃO NECESSÁRIA,
250,Com meu Redentor viverei nos céus,Hinário CCB nº 5,Hinario-CCB-5-orgao_201_a_300.pdf,77,VALIDAÇÃO NECESSÁRIA,VALIDAÇÃO NECESSÁRIA,VALIDAÇÃO NECESSÁRIA,soprano,uma oitava acima,VALIDAÇÃO NECESSÁRIA,VALIDAÇÃO NECESSÁRIA,VALIDAÇÃO NECESSÁRIA,
251,Firme nas mãos de Cristo,Hinário CCB nº 5,Hinario-CCB-5-orgao_201_a_300.pdf,78,VALIDAÇÃO NECESSÁRIA,VALIDAÇÃO NECESSÁRIA,VALIDAÇÃO NECESSÁRIA,soprano,uma oitava acima,VALIDAÇÃO NECESSÁRIA,VALIDAÇÃO NECESSÁRIA,VALIDAÇÃO NECESSÁRIA,
252,Exaltação ao Deus Onipotente!,Hinário CCB nº 5,Hinario-CCB-5-orgao_201_a_300.pdf,79,VALIDAÇÃO NECESSÁRIA,VALIDAÇÃO NECESSÁRIA,VALIDAÇÃO NECESSÁRIA,soprano,uma oitava acima,VALIDAÇÃO NECESSÁRIA,VALIDAÇÃO NECESSÁRIA,VALIDAÇÃO NECESSÁRIA,
253,"Foi alegre, ditoso o dia",Hinário CCB nº 5,Hinario-CCB-5-orgao_201_a_300.pdf,80,VALIDAÇÃO NECESSÁRIA,VALIDAÇÃO NECESSÁRIA,VALIDAÇÃO NECESSÁRIA,soprano,uma oitava acima,VALIDAÇÃO NECESSÁRIA,VALIDAÇÃO NECESSÁRIA,VALIDAÇÃO NECESSÁRIA,
254,De Jesus a graça divina,Hinário CCB nº 5,Hinario-CCB-5-orgao_201_a_300.pdf,81,VALIDAÇÃO NECESSÁRIA,VALIDAÇÃO NECESSÁRIA,VALIDAÇÃO NECESSÁRIA,soprano,uma oitava acima,VALIDAÇÃO NECESSÁRIA,VALIDAÇÃO NECESSÁRIA,VALIDAÇÃO NECESSÁRIA,
255,Jesus é a nossa Rocha,Hinário CCB nº 5,Hinario-CCB-5-orgao_201_a_300.pdf,82,VALIDAÇÃO NECESSÁRIA,VALIDAÇÃO NECESSÁRIA,VALIDAÇÃO NECESSÁRIA,soprano,uma oitava acima,VALIDAÇÃO NECESSÁRIA,VALIDAÇÃO NECESSÁRIA,VALIDAÇÃO NECESSÁRIA,
256,"Sem Deus Pai, vivi no mundo",Hinário CCB nº 5,Hinario-CCB-5-orgao_201_a_300.pdf,83,VALIDAÇÃO NECESSÁRIA,VALIDAÇÃO NECESSÁRIA,VALIDAÇÃO NECESSÁRIA,soprano,uma oitava acima,VALIDAÇÃO NECESSÁRIA,VALIDAÇÃO NECESSÁRIA,VALIDAÇÃO NECESSÁRIA,
257,Remiu-nos por graça,Hinário CCB nº 5,Hinario-CCB-5-orgao_201_a_300.pdf,84,VALIDAÇÃO NECESSÁRIA,VALIDAÇÃO NECESSÁRIA,VALIDAÇÃO NECESSÁRIA,soprano,uma oitava acima,VALIDAÇÃO NECESSÁRIA,VALIDAÇÃO NECESSÁRIA,VALIDAÇÃO NECESSÁRIA,
258,Louvemos ao nosso Senhor,Hinário CCB nº 5,Hinario-CCB-5-orgao_201_a_300.pdf,85,VALIDAÇÃO NECESSÁRIA,VALIDAÇÃO NECESSÁRIA,VALIDAÇÃO NECESSÁRIA,soprano,uma oitava acima,VALIDAÇÃO NECESSÁRIA,VALIDAÇÃO NECESSÁRIA,VALIDAÇÃO NECESSÁRIA,
259,Só triunfará o de sincero coração,Hinário CCB nº 5,Hinario-CCB-5-orgao_201_a_300.pdf,86,VALIDAÇÃO NECESSÁRIA,VALIDAÇÃO NECESSÁRIA,VALIDAÇÃO NECESSÁRIA,soprano,uma oitava acima,VALIDAÇÃO NECESSÁRIA,VALIDAÇÃO NECESSÁRIA,VALIDAÇÃO NECESSÁRIA,
260,"Sou servo inútil, ó Deus piedoso",Hinário CCB nº 5,Hinario-CCB-5-orgao_201_a_300.pdf,87,VALIDAÇÃO NECESSÁRIA,VALIDAÇÃO NECESSÁRIA,VALIDAÇÃO NECESSÁRIA,soprano,uma oitava acima,VALIDAÇÃO NECESSÁRIA,VALIDAÇÃO NECESSÁRIA,VALIDAÇÃO NECESSÁRIA,
261,Vivo por Cristo,Hinário CCB nº 5,Hinario-CCB-5-orgao_201_a_300.pdf,88,VALIDAÇÃO NECESSÁRIA,VALIDAÇÃO NECESSÁRIA,VALIDAÇÃO NECESSÁRIA,soprano,uma oitava acima,VALIDAÇÃO NECESSÁRIA,VALIDAÇÃO NECESSÁRIA,VALIDAÇÃO NECESSÁRIA,
262,"Senhor, a Tua igreja",Hinário CCB nº 5,Hinario-CCB-5-orgao_201_a_300.pdf,89,VALIDAÇÃO NECESSÁRIA,VALIDAÇÃO NECESSÁRIA,VALIDAÇÃO NECESSÁRIA,soprano,uma oitava acima,VALIDAÇÃO NECESSÁRIA,VALIDAÇÃO NECESSÁRIA,VALIDAÇÃO NECESSÁRIA,
263,Cristo é Luz resplandecente,Hinário CCB nº 5,Hinario-CCB-5-orgao_201_a_300.pdf,90,VALIDAÇÃO NECESSÁRIA,VALIDAÇÃO NECESSÁRIA,VALIDAÇÃO NECESSÁRIA,soprano,uma oitava acima,VALIDAÇÃO NECESSÁRIA,VALIDAÇÃO NECESSÁRIA,VALIDAÇÃO NECESSÁRIA,
264,Redentor celeste e santo,Hinário CCB nº 5,Hinario-CCB-5-orgao_201_a_300.pdf,91,VALIDAÇÃO NECESSÁRIA,VALIDAÇÃO NECESSÁRIA,VALIDAÇÃO NECESSÁRIA,soprano,uma oitava acima,VALIDAÇÃO NECESSÁRIA,VALIDAÇÃO NECESSÁRIA,VALIDAÇÃO NECESSÁRIA,
265,Bênçãos dos céus prometidas,Hinário CCB nº 5,Hinario-CCB-5-orgao_201_a_300.pdf,92,VALIDAÇÃO NECESSÁRIA,VALIDAÇÃO NECESSÁRIA,VALIDAÇÃO NECESSÁRIA,soprano,uma oitava acima,VALIDAÇÃO NECESSÁRIA,VALIDAÇÃO NECESSÁRIA,VALIDAÇÃO NECESSÁRIA,
266,Vinde às fileiras,Hinário CCB nº 5,Hinario-CCB-5-orgao_201_a_300.pdf,93,VALIDAÇÃO NECESSÁRIA,VALIDAÇÃO NECESSÁRIA,VALIDAÇÃO NECESSÁRIA,soprano,uma oitava acima,VALIDAÇÃO NECESSÁRIA,VALIDAÇÃO NECESSÁRIA,VALIDAÇÃO NECESSÁRIA,
267,Graça maravilhosa,Hinário CCB nº 5,Hinario-CCB-5-orgao_201_a_300.pdf,94,VALIDAÇÃO NECESSÁRIA,VALIDAÇÃO NECESSÁRIA,VALIDAÇÃO NECESSÁRIA,soprano,uma oitava acima,VALIDAÇÃO NECESSÁRIA,VALIDAÇÃO NECESSÁRIA,VALIDAÇÃO NECESSÁRIA,
268,Ó Deus bendito,Hinário CCB nº 5,Hinario-CCB-5-orgao_201_a_300.pdf,96,VALIDAÇÃO NECESSÁRIA,VALIDAÇÃO NECESSÁRIA,VALIDAÇÃO NECESSÁRIA,soprano,uma oitava acima,VALIDAÇÃO NECESSÁRIA,VALIDAÇÃO NECESSÁRIA,VALIDAÇÃO NECESSÁRIA,
269,"Ressuscitados, por graça, fomos",Hinário CCB nº 5,Hinario-CCB-5-orgao_201_a_300.pdf,97,VALIDAÇÃO NECESSÁRIA,VALIDAÇÃO NECESSÁRIA,VALIDAÇÃO NECESSÁRIA,soprano,uma oitava acima,VALIDAÇÃO NECESSÁRIA,VALIDAÇÃO NECESSÁRIA,VALIDAÇÃO NECESSÁRIA,
270,Deste mundo mais nada esperarei,Hinário CCB nº 5,Hinario-CCB-5-orgao_201_a_300.pdf,98,VALIDAÇÃO NECESSÁRIA,VALIDAÇÃO NECESSÁRIA,VALIDAÇÃO NECESSÁRIA,soprano,uma oitava acima,VALIDAÇÃO NECESSÁRIA,VALIDAÇÃO NECESSÁRIA,VALIDAÇÃO NECESSÁRIA,
271,"Graças dou a Ti, ó bom Deus",Hinário CCB nº 5,Hinario-CCB-5-orgao_201_a_300.pdf,99,VALIDAÇÃO NECESSÁRIA,VALIDAÇÃO NECESSÁRIA,VALIDAÇÃO NECESSÁRIA,soprano,uma oitava acima,VALIDAÇÃO NECESSÁRIA,VALIDAÇÃO NECESSÁRIA,VALIDAÇÃO NECESSÁRIA,
272,Louvarei ao bom Jesus,Hinário CCB nº 5,Hinario-CCB-5-orgao_201_a_300.pdf,100,VALIDAÇÃO NECESSÁRIA,VALIDAÇÃO NECESSÁRIA,VALIDAÇÃO NECESSÁRIA,soprano,uma oitava acima,VALIDAÇÃO NECESSÁRIA,VALIDAÇÃO NECESSÁRIA,VALIDAÇÃO NECESSÁRIA,
273,Jesus me deu celeste hino,Hinário CCB nº 5,Hinario-CCB-5-orgao_301_a_400.pdf,2,VALIDAÇÃO NECESSÁRIA,VALIDAÇÃO NECESSÁRIA,VALIDAÇÃO NECESSÁRIA,soprano,uma oitava acima,VALIDAÇÃO NECESSÁRIA,VALIDAÇÃO NECESSÁRIA,VALIDAÇÃO NECESSÁRIA,
274,Na plenitude estarei,Hinário CCB nº 5,Hinario-CCB-5-orgao_301_a_400.pdf,3,VALIDAÇÃO NECESSÁRIA,VALIDAÇÃO NECESSÁRIA,VALIDAÇÃO NECESSÁRIA,soprano,uma oitava acima,VALIDAÇÃO NECESSÁRIA,VALIDAÇÃO NECESSÁRIA,VALIDAÇÃO NECESSÁRIA,
275,Avante eu vou,Hinário CCB nº 5,Hinario-CCB-5-orgao_301_a_400.pdf,4,VALIDAÇÃO NECESSÁRIA,VALIDAÇÃO NECESSÁRIA,VALIDAÇÃO NECESSÁRIA,soprano,uma oitava acima,VALIDAÇÃO NECESSÁRIA,VALIDAÇÃO NECESSÁRIA,VALIDAÇÃO NECESSÁRIA,
276,Ó Senhor da glória,Hinário CCB nº 5,Hinario-CCB-5-orgao_301_a_400.pdf,5,VALIDAÇÃO NECESSÁRIA,VALIDAÇÃO NECESSÁRIA,VALIDAÇÃO NECESSÁRIA,soprano,uma oitava acima,VALIDAÇÃO NECESSÁRIA,VALIDAÇÃO NECESSÁRIA,VALIDAÇÃO NECESSÁRIA,
277,Oh! Quanto é bom louvarmos,Hinário CCB nº 5,Hinario-CCB-5-orgao_301_a_400.pdf,6,VALIDAÇÃO NECESSÁRIA,VALIDAÇÃO NECESSÁRIA,VALIDAÇÃO NECESSÁRIA,soprano,uma oitava acima,VALIDAÇÃO NECESSÁRIA,VALIDAÇÃO NECESSÁRIA,VALIDAÇÃO NECESSÁRIA,
278,Éramos mortos nas obras más,Hinário CCB nº 5,Hinario-CCB-5-orgao_301_a_400.pdf,7,VALIDAÇÃO NECESSÁRIA,VALIDAÇÃO NECESSÁRIA,VALIDAÇÃO NECESSÁRIA,soprano,uma oitava acima,VALIDAÇÃO NECESSÁRIA,VALIDAÇÃO NECESSÁRIA,VALIDAÇÃO NECESSÁRIA,
279,"Oh! Não temas, igreja de Jesus",Hinário CCB nº 5,Hinario-CCB-5-orgao_301_a_400.pdf,8,VALIDAÇÃO NECESSÁRIA,VALIDAÇÃO NECESSÁRIA,VALIDAÇÃO NECESSÁRIA,soprano,uma oitava acima,VALIDAÇÃO NECESSÁRIA,VALIDAÇÃO NECESSÁRIA,VALIDAÇÃO NECESSÁRIA,
280,De Deus a armadura,Hinário CCB nº 5,Hinario-CCB-5-orgao_301_a_400.pdf,9,VALIDAÇÃO NECESSÁRIA,VALIDAÇÃO NECESSÁRIA,VALIDAÇÃO NECESSÁRIA,soprano,uma oitava acima,VALIDAÇÃO NECESSÁRIA,VALIDAÇÃO NECESSÁRIA,VALIDAÇÃO NECESSÁRIA,
281,Soldados valorosos nós somos,Hinário CCB nº 5,Hinario-CCB-5-orgao_301_a_400.pdf,10,VALIDAÇÃO NECESSÁRIA,VALIDAÇÃO NECESSÁRIA,VALIDAÇÃO NECESSÁRIA,soprano,uma oitava acima,VALIDAÇÃO NECESSÁRIA,VALIDAÇÃO NECESSÁRIA,VALIDAÇÃO NECESSÁRIA,
282,Constantemente oremos a Deus,Hinário CCB nº 5,Hinario-CCB-5-orgao_301_a_400.pdf,12,VALIDAÇÃO NECESSÁRIA,VALIDAÇÃO NECESSÁRIA,VALIDAÇÃO NECESSÁRIA,soprano,uma oitava acima,VALIDAÇÃO NECESSÁRIA,VALIDAÇÃO NECESSÁRIA,VALIDAÇÃO NECESSÁRIA,
283,"Quero, ó Senhor, ir Contigo ao céu",Hinário CCB nº 5,Hinario-CCB-5-orgao_301_a_400.pdf,13,VALIDAÇÃO NECESSÁRIA,VALIDAÇÃO NECESSÁRIA,VALIDAÇÃO NECESSÁRIA,soprano,uma oitava acima,VALIDAÇÃO NECESSÁRIA,VALIDAÇÃO NECESSÁRIA,VALIDAÇÃO NECESSÁRIA,
284,Louvor nos céus altíssimos,Hinário CCB nº 5,Hinario-CCB-5-orgao_301_a_400.pdf,14,VALIDAÇÃO NECESSÁRIA,VALIDAÇÃO NECESSÁRIA,VALIDAÇÃO NECESSÁRIA,soprano,uma oitava acima,VALIDAÇÃO NECESSÁRIA,VALIDAÇÃO NECESSÁRIA,VALIDAÇÃO NECESSÁRIA,
285,Glória e louvor a Jesus darei,Hinário CCB nº 5,Hinario-CCB-5-orgao_301_a_400.pdf,15,VALIDAÇÃO NECESSÁRIA,VALIDAÇÃO NECESSÁRIA,VALIDAÇÃO NECESSÁRIA,soprano,uma oitava acima,VALIDAÇÃO NECESSÁRIA,VALIDAÇÃO NECESSÁRIA,VALIDAÇÃO NECESSÁRIA,
286,Nome precioso para mim,Hinário CCB nº 5,Hinario-CCB-5-orgao_301_a_400.pdf,16,VALIDAÇÃO NECESSÁRIA,VALIDAÇÃO NECESSÁRIA,VALIDAÇÃO NECESSÁRIA,soprano,uma oitava acima,VALIDAÇÃO NECESSÁRIA,VALIDAÇÃO NECESSÁRIA,VALIDAÇÃO NECESSÁRIA,
287,"Irmãos amados, sempre avante",Hinário CCB nº 5,Hinario-CCB-5-orgao_301_a_400.pdf,17,VALIDAÇÃO NECESSÁRIA,VALIDAÇÃO NECESSÁRIA,VALIDAÇÃO NECESSÁRIA,soprano,uma oitava acima,VALIDAÇÃO NECESSÁRIA,VALIDAÇÃO NECESSÁRIA,VALIDAÇÃO NECESSÁRIA,
288,"Ó irmãos, com Cristo avante",Hinário CCB nº 5,Hinario-CCB-5-orgao_301_a_400.pdf,18,VALIDAÇÃO NECESSÁRIA,VALIDAÇÃO NECESSÁRIA,VALIDAÇÃO NECESSÁRIA,soprano,uma oitava acima,VALIDAÇÃO NECESSÁRIA,VALIDAÇÃO NECESSÁRIA,VALIDAÇÃO NECESSÁRIA,
289,"Avante, sempre avante",Hinário CCB nº 5,Hinario-CCB-5-orgao_301_a_400.pdf,19,VALIDAÇÃO NECESSÁRIA,VALIDAÇÃO NECESSÁRIA,VALIDAÇÃO NECESSÁRIA,soprano,uma oitava acima,VALIDAÇÃO NECESSÁRIA,VALIDAÇÃO NECESSÁRIA,VALIDAÇÃO NECESSÁRIA,
290,Sempre avante!,Hinário CCB nº 5,Hinario-CCB-5-orgao_301_a_400.pdf,20,VALIDAÇÃO NECESSÁRIA,VALIDAÇÃO NECESSÁRIA,VALIDAÇÃO NECESSÁRIA,soprano,uma oitava acima,VALIDAÇÃO NECESSÁRIA,VALIDAÇÃO NECESSÁRIA,VALIDAÇÃO NECESSÁRIA,
291,"Irmãos, avante, avante!",Hinário CCB nº 5,Hinario-CCB-5-orgao_301_a_400.pdf,21,VALIDAÇÃO NECESSÁRIA,VALIDAÇÃO NECESSÁRIA,VALIDAÇÃO NECESSÁRIA,soprano,uma oitava acima,VALIDAÇÃO NECESSÁRIA,VALIDAÇÃO NECESSÁRIA,VALIDAÇÃO NECESSÁRIA,
292,Oh! Quanto é bom o Redentor!,Hinário CCB nº 5,Hinario-CCB-5-orgao_301_a_400.pdf,22,VALIDAÇÃO NECESSÁRIA,VALIDAÇÃO NECESSÁRIA,VALIDAÇÃO NECESSÁRIA,soprano,uma oitava acima,VALIDAÇÃO NECESSÁRIA,VALIDAÇÃO NECESSÁRIA,VALIDAÇÃO NECESSÁRIA,
293,Tu és Oleiro,Hinário CCB nº 5,Hinario-CCB-5-orgao_301_a_400.pdf,23,VALIDAÇÃO NECESSÁRIA,VALIDAÇÃO NECESSÁRIA,VALIDAÇÃO NECESSÁRIA,soprano,uma oitava acima,VALIDAÇÃO NECESSÁRIA,VALIDAÇÃO NECESSÁRIA,VALIDAÇÃO NECESSÁRIA,
294,Avante! Coragem! Marchemos,Hinário CCB nº 5,Hinario-CCB-5-orgao_301_a_400.pdf,24,VALIDAÇÃO NECESSÁRIA,VALIDAÇÃO NECESSÁRIA,VALIDAÇÃO NECESSÁRIA,soprano,uma oitava acima,VALIDAÇÃO NECESSÁRIA,VALIDAÇÃO NECESSÁRIA,VALIDAÇÃO NECESSÁRIA,
295,"Fui, Senhor, por Ti remido",Hinário CCB nº 5,Hinario-CCB-5-orgao_301_a_400.pdf,25,VALIDAÇÃO NECESSÁRIA,VALIDAÇÃO NECESSÁRIA,VALIDAÇÃO NECESSÁRIA,soprano,uma oitava acima,VALIDAÇÃO NECESSÁRIA,VALIDAÇÃO NECESSÁRIA,VALIDAÇÃO NECESSÁRIA,
296,"Teu Nome é soberano, ó Redentor",Hinário CCB nº 5,Hinario-CCB-5-orgao_301_a_400.pdf,26,VALIDAÇÃO NECESSÁRIA,VALIDAÇÃO NECESSÁRIA,VALIDAÇÃO NECESSÁRIA,soprano,uma oitava acima,VALIDAÇÃO NECESSÁRIA,VALIDAÇÃO NECESSÁRIA,VALIDAÇÃO NECESSÁRIA,
297,"Senhor, conforta meu coração",Hinário CCB nº 5,Hinario-CCB-5-orgao_301_a_400.pdf,27,VALIDAÇÃO NECESSÁRIA,VALIDAÇÃO NECESSÁRIA,VALIDAÇÃO NECESSÁRIA,soprano,uma oitava acima,VALIDAÇÃO NECESSÁRIA,VALIDAÇÃO NECESSÁRIA,VALIDAÇÃO NECESSÁRIA,
298,"Avante sempre, sem temer!",Hinário CCB nº 5,Hinario-CCB-5-orgao_301_a_400.pdf,28,VALIDAÇÃO NECESSÁRIA,VALIDAÇÃO NECESSÁRIA,VALIDAÇÃO NECESSÁRIA,soprano,uma oitava acima,VALIDAÇÃO NECESSÁRIA,VALIDAÇÃO NECESSÁRIA,VALIDAÇÃO NECESSÁRIA,
299,Em nome de Jesus,Hinário CCB nº 5,Hinario-CCB-5-orgao_301_a_400.pdf,29,VALIDAÇÃO NECESSÁRIA,VALIDAÇÃO NECESSÁRIA,VALIDAÇÃO NECESSÁRIA,soprano,uma oitava acima,VALIDAÇÃO NECESSÁRIA,VALIDAÇÃO NECESSÁRIA,VALIDAÇÃO NECESSÁRIA,
300,Tudo o que nos falta,Hinário CCB nº 5,Hinario-CCB-5-orgao_301_a_400.pdf,30,VALIDAÇÃO NECESSÁRIA,VALIDAÇÃO NECESSÁRIA,VALIDAÇÃO NECESSÁRIA,soprano,uma oitava acima,VALIDAÇÃO NECESSÁRIA,VALIDAÇÃO NECESSÁRIA,VALIDAÇÃO NECESSÁRIA,
301,Nossa Esperança é Jesus,Hinário CCB nº 5,Hinario-CCB-5-orgao_301_a_400.pdf,31,VALIDAÇÃO NECESSÁRIA,VALIDAÇÃO NECESSÁRIA,VALIDAÇÃO NECESSÁRIA,soprano,uma oitava acima,VALIDAÇÃO NECESSÁRIA,VALIDAÇÃO NECESSÁRIA,VALIDAÇÃO NECESSÁRIA,
302,Que gloriosa Esperança é Jesus!,Hinário CCB nº 5,Hinario-CCB-5-orgao_301_a_400.pdf,32,VALIDAÇÃO NECESSÁRIA,VALIDAÇÃO NECESSÁRIA,VALIDAÇÃO NECESSÁRIA,soprano,uma oitava acima,VALIDAÇÃO NECESSÁRIA,VALIDAÇÃO NECESSÁRIA,VALIDAÇÃO NECESSÁRIA,
303,O Senhor não mudará,Hinário CCB nº 5,Hinario-CCB-5-orgao_301_a_400.pdf,33,VALIDAÇÃO NECESSÁRIA,VALIDAÇÃO NECESSÁRIA,VALIDAÇÃO NECESSÁRIA,soprano,uma oitava acima,VALIDAÇÃO NECESSÁRIA,VALIDAÇÃO NECESSÁRIA,VALIDAÇÃO NECESSÁRIA,
304,Cristo é a Esperança,Hinário CCB nº 5,Hinario-CCB-5-orgao_301_a_400.pdf,34,VALIDAÇÃO NECESSÁRIA,VALIDAÇÃO NECESSÁRIA,VALIDAÇÃO NECESSÁRIA,soprano,uma oitava acima,VALIDAÇÃO NECESSÁRIA,VALIDAÇÃO NECESSÁRIA,VALIDAÇÃO NECESSÁRIA,
305,Oh! Que fundamento,Hinário CCB nº 5,Hinario-CCB-5-orgao_301_a_400.pdf,35,VALIDAÇÃO NECESSÁRIA,VALIDAÇÃO NECESSÁRIA,VALIDAÇÃO NECESSÁRIA,soprano,uma oitava acima,VALIDAÇÃO NECESSÁRIA,VALIDAÇÃO NECESSÁRIA,VALIDAÇÃO NECESSÁRIA,
306,Bendizei ao Altíssimo Deus,Hinário CCB nº 5,Hinario-CCB-5-orgao_301_a_400.pdf,36,VALIDAÇÃO NECESSÁRIA,VALIDAÇÃO NECESSÁRIA,VALIDAÇÃO NECESSÁRIA,soprano,uma oitava acima,VALIDAÇÃO NECESSÁRIA,VALIDAÇÃO NECESSÁRIA,VALIDAÇÃO NECESSÁRIA,
307,Cristo nos dará da Sua plenitude,Hinário CCB nº 5,Hinario-CCB-5-orgao_301_a_400.pdf,38,VALIDAÇÃO NECESSÁRIA,VALIDAÇÃO NECESSÁRIA,VALIDAÇÃO NECESSÁRIA,soprano,uma oitava acima,VALIDAÇÃO NECESSÁRIA,VALIDAÇÃO NECESSÁRIA,VALIDAÇÃO NECESSÁRIA,
308,Soa a trombeta,Hinário CCB nº 5,Hinario-CCB-5-orgao_301_a_400.pdf,39,VALIDAÇÃO NECESSÁRIA,VALIDAÇÃO NECESSÁRIA,VALIDAÇÃO NECESSÁRIA,soprano,uma oitava acima,VALIDAÇÃO NECESSÁRIA,VALIDAÇÃO NECESSÁRIA,VALIDAÇÃO NECESSÁRIA,
309,Galardão nos espera,Hinário CCB nº 5,Hinario-CCB-5-orgao_301_a_400.pdf,40,VALIDAÇÃO NECESSÁRIA,VALIDAÇÃO NECESSÁRIA,VALIDAÇÃO NECESSÁRIA,soprano,uma oitava acima,VALIDAÇÃO NECESSÁRIA,VALIDAÇÃO NECESSÁRIA,VALIDAÇÃO NECESSÁRIA,
310,"Nós Te louvamos, ó Rei dos reis",Hinário CCB nº 5,Hinario-CCB-5-orgao_301_a_400.pdf,41,VALIDAÇÃO NECESSÁRIA,VALIDAÇÃO NECESSÁRIA,VALIDAÇÃO NECESSÁRIA,soprano,uma oitava acima,VALIDAÇÃO NECESSÁRIA,VALIDAÇÃO NECESSÁRIA,VALIDAÇÃO NECESSÁRIA,
311,Teus tesouros revelaste,Hinário CCB nº 5,Hinario-CCB-5-orgao_301_a_400.pdf,42,VALIDAÇÃO NECESSÁRIA,VALIDAÇÃO NECESSÁRIA,VALIDAÇÃO NECESSÁRIA,soprano,uma oitava acima,VALIDAÇÃO NECESSÁRIA,VALIDAÇÃO NECESSÁRIA,VALIDAÇÃO NECESSÁRIA,
312,Tributos de louvor,Hinário CCB nº 5,Hinario-CCB-5-orgao_301_a_400.pdf,43,VALIDAÇÃO NECESSÁRIA,VALIDAÇÃO NECESSÁRIA,VALIDAÇÃO NECESSÁRIA,soprano,uma oitava acima,VALIDAÇÃO NECESSÁRIA,VALIDAÇÃO NECESSÁRIA,VALIDAÇÃO NECESSÁRIA,
313,Arrebatado aos céus,Hinário CCB nº 5,Hinario-CCB-5-orgao_301_a_400.pdf,44,VALIDAÇÃO NECESSÁRIA,VALIDAÇÃO NECESSÁRIA,VALIDAÇÃO NECESSÁRIA,soprano,uma oitava acima,VALIDAÇÃO NECESSÁRIA,VALIDAÇÃO NECESSÁRIA,VALIDAÇÃO NECESSÁRIA,
314,O Teu poder supremo,Hinário CCB nº 5,Hinario-CCB-5-orgao_301_a_400.pdf,46,VALIDAÇÃO NECESSÁRIA,VALIDAÇÃO NECESSÁRIA,VALIDAÇÃO NECESSÁRIA,soprano,uma oitava acima,VALIDAÇÃO NECESSÁRIA,VALIDAÇÃO NECESSÁRIA,VALIDAÇÃO NECESSÁRIA,
315,Contempla do céu,Hinário CCB nº 5,Hinario-CCB-5-orgao_301_a_400.pdf,47,VALIDAÇÃO NECESSÁRIA,VALIDAÇÃO NECESSÁRIA,VALIDAÇÃO NECESSÁRIA,soprano,uma oitava acima,VALIDAÇÃO NECESSÁRIA,VALIDAÇÃO NECESSÁRIA,VALIDAÇÃO NECESSÁRIA,
316,Tua vida é triste?,Hinário CCB nº 5,Hinario-CCB-5-orgao_301_a_400.pdf,48,VALIDAÇÃO NECESSÁRIA,VALIDAÇÃO NECESSÁRIA,VALIDAÇÃO NECESSÁRIA,soprano,uma oitava acima,VALIDAÇÃO NECESSÁRIA,VALIDAÇÃO NECESSÁRIA,VALIDAÇÃO NECESSÁRIA,
317,"Sinto o Senhor, por fé, em mim",Hinário CCB nº 5,Hinario-CCB-5-orgao_301_a_400.pdf,49,VALIDAÇÃO NECESSÁRIA,VALIDAÇÃO NECESSÁRIA,VALIDAÇÃO NECESSÁRIA,soprano,uma oitava acima,VALIDAÇÃO NECESSÁRIA,VALIDAÇÃO NECESSÁRIA,VALIDAÇÃO NECESSÁRIA,
318,"Ó Salvador, vem converter o pecador",Hinário CCB nº 5,Hinario-CCB-5-orgao_301_a_400.pdf,50,VALIDAÇÃO NECESSÁRIA,VALIDAÇÃO NECESSÁRIA,VALIDAÇÃO NECESSÁRIA,soprano,uma oitava acima,VALIDAÇÃO NECESSÁRIA,VALIDAÇÃO NECESSÁRIA,VALIDAÇÃO NECESSÁRIA,
319,Foi Jesus Quem me salvou,Hinário CCB nº 5,Hinario-CCB-5-orgao_301_a_400.pdf,51,VALIDAÇÃO NECESSÁRIA,VALIDAÇÃO NECESSÁRIA,VALIDAÇÃO NECESSÁRIA,soprano,uma oitava acima,VALIDAÇÃO NECESSÁRIA,VALIDAÇÃO NECESSÁRIA,VALIDAÇÃO NECESSÁRIA,
320,Que prazer é andar com Cristo,Hinário CCB nº 5,Hinario-CCB-5-orgao_301_a_400.pdf,52,VALIDAÇÃO NECESSÁRIA,VALIDAÇÃO NECESSÁRIA,VALIDAÇÃO NECESSÁRIA,soprano,uma oitava acima,VALIDAÇÃO NECESSÁRIA,VALIDAÇÃO NECESSÁRIA,VALIDAÇÃO NECESSÁRIA,
321,Bendito seja o Deus vivente,Hinário CCB nº 5,Hinario-CCB-5-orgao_301_a_400.pdf,53,VALIDAÇÃO NECESSÁRIA,VALIDAÇÃO NECESSÁRIA,VALIDAÇÃO NECESSÁRIA,soprano,uma oitava acima,VALIDAÇÃO NECESSÁRIA,VALIDAÇÃO NECESSÁRIA,VALIDAÇÃO NECESSÁRIA,
322,"Vem, Rei eterno",Hinário CCB nº 5,Hinario-CCB-5-orgao_301_a_400.pdf,54,VALIDAÇÃO NECESSÁRIA,VALIDAÇÃO NECESSÁRIA,VALIDAÇÃO NECESSÁRIA,soprano,uma oitava acima,VALIDAÇÃO NECESSÁRIA,VALIDAÇÃO NECESSÁRIA,VALIDAÇÃO NECESSÁRIA,
323,"Oh! Não busques, ansioso",Hinário CCB nº 5,Hinario-CCB-5-orgao_301_a_400.pdf,55,VALIDAÇÃO NECESSÁRIA,VALIDAÇÃO NECESSÁRIA,VALIDAÇÃO NECESSÁRIA,soprano,uma oitava acima,VALIDAÇÃO NECESSÁRIA,VALIDAÇÃO NECESSÁRIA,VALIDAÇÃO NECESSÁRIA,
324,Do mal o Salvador veio me tirar,Hinário CCB nº 5,Hinario-CCB-5-orgao_301_a_400.pdf,56,VALIDAÇÃO NECESSÁRIA,VALIDAÇÃO NECESSÁRIA,VALIDAÇÃO NECESSÁRIA,soprano,uma oitava acima,VALIDAÇÃO NECESSÁRIA,VALIDAÇÃO NECESSÁRIA,VALIDAÇÃO NECESSÁRIA,
325,Louvemos ao Rei dos reis,Hinário CCB nº 5,Hinario-CCB-5-orgao_301_a_400.pdf,58,VALIDAÇÃO NECESSÁRIA,VALIDAÇÃO NECESSÁRIA,VALIDAÇÃO NECESSÁRIA,soprano,uma oitava acima,VALIDAÇÃO NECESSÁRIA,VALIDAÇÃO NECESSÁRIA,VALIDAÇÃO NECESSÁRIA,
326,Sempre a Cristo fiéis,Hinário CCB nº 5,Hinario-CCB-5-orgao_301_a_400.pdf,59,VALIDAÇÃO NECESSÁRIA,VALIDAÇÃO NECESSÁRIA,VALIDAÇÃO NECESSÁRIA,soprano,uma oitava acima,VALIDAÇÃO NECESSÁRIA,VALIDAÇÃO NECESSÁRIA,VALIDAÇÃO NECESSÁRIA,
327,Soldados somos do Senhor,Hinário CCB nº 5,Hinario-CCB-5-orgao_301_a_400.pdf,60,VALIDAÇÃO NECESSÁRIA,VALIDAÇÃO NECESSÁRIA,VALIDAÇÃO NECESSÁRIA,soprano,uma oitava acima,VALIDAÇÃO NECESSÁRIA,VALIDAÇÃO NECESSÁRIA,VALIDAÇÃO NECESSÁRIA,
328,"Grande é o Teu poder, Senhor",Hinário CCB nº 5,Hinario-CCB-5-orgao_301_a_400.pdf,61,VALIDAÇÃO NECESSÁRIA,VALIDAÇÃO NECESSÁRIA,VALIDAÇÃO NECESSÁRIA,soprano,uma oitava acima,VALIDAÇÃO NECESSÁRIA,VALIDAÇÃO NECESSÁRIA,VALIDAÇÃO NECESSÁRIA,
329,Com fé combate,Hinário CCB nº 5,Hinario-CCB-5-orgao_301_a_400.pdf,62,VALIDAÇÃO NECESSÁRIA,VALIDAÇÃO NECESSÁRIA,VALIDAÇÃO NECESSÁRIA,soprano,uma oitava acima,VALIDAÇÃO NECESSÁRIA,VALIDAÇÃO NECESSÁRIA,VALIDAÇÃO NECESSÁRIA,
330,Ao findar a jornada,Hinário CCB nº 5,Hinario-CCB-5-orgao_301_a_400.pdf,63,VALIDAÇÃO NECESSÁRIA,VALIDAÇÃO NECESSÁRIA,VALIDAÇÃO NECESSÁRIA,soprano,uma oitava acima,VALIDAÇÃO NECESSÁRIA,VALIDAÇÃO NECESSÁRIA,VALIDAÇÃO NECESSÁRIA,
331,Vem a Cristo sem tardar,Hinário CCB nº 5,Hinario-CCB-5-orgao_301_a_400.pdf,64,VALIDAÇÃO NECESSÁRIA,VALIDAÇÃO NECESSÁRIA,VALIDAÇÃO NECESSÁRIA,soprano,uma oitava acima,VALIDAÇÃO NECESSÁRIA,VALIDAÇÃO NECESSÁRIA,VALIDAÇÃO NECESSÁRIA,
332,É Cristo Quem cuida de ti,Hinário CCB nº 5,Hinario-CCB-5-orgao_301_a_400.pdf,65,VALIDAÇÃO NECESSÁRIA,VALIDAÇÃO NECESSÁRIA,VALIDAÇÃO NECESSÁRIA,soprano,uma oitava acima,VALIDAÇÃO NECESSÁRIA,VALIDAÇÃO NECESSÁRIA,VALIDAÇÃO NECESSÁRIA,
333,Peregrino sou no mundo,Hinário CCB nº 5,Hinario-CCB-5-orgao_301_a_400.pdf,66,VALIDAÇÃO NECESSÁRIA,VALIDAÇÃO NECESSÁRIA,VALIDAÇÃO NECESSÁRIA,soprano,uma oitava acima,VALIDAÇÃO NECESSÁRIA,VALIDAÇÃO NECESSÁRIA,VALIDAÇÃO NECESSÁRIA,
334,Há uma pátria perfeita...,Hinário CCB nº 5,Hinario-CCB-5-orgao_301_a_400.pdf,67,VALIDAÇÃO NECESSÁRIA,VALIDAÇÃO NECESSÁRIA,VALIDAÇÃO NECESSÁRIA,soprano,uma oitava acima,VALIDAÇÃO NECESSÁRIA,VALIDAÇÃO NECESSÁRIA,VALIDAÇÃO NECESSÁRIA,
335,Eu almejo nessa pátria entrar,Hinário CCB nº 5,Hinario-CCB-5-orgao_301_a_400.pdf,68,VALIDAÇÃO NECESSÁRIA,VALIDAÇÃO NECESSÁRIA,VALIDAÇÃO NECESSÁRIA,soprano,uma oitava acima,VALIDAÇÃO NECESSÁRIA,VALIDAÇÃO NECESSÁRIA,VALIDAÇÃO NECESSÁRIA,
336,Sempre brilhar devemos,Hinário CCB nº 5,Hinario-CCB-5-orgao_301_a_400.pdf,69,VALIDAÇÃO NECESSÁRIA,VALIDAÇÃO NECESSÁRIA,VALIDAÇÃO NECESSÁRIA,soprano,uma oitava acima,VALIDAÇÃO NECESSÁRIA,VALIDAÇÃO NECESSÁRIA,VALIDAÇÃO NECESSÁRIA,
337,Por fé seguimos ao Senhor,Hinário CCB nº 5,Hinario-CCB-5-orgao_301_a_400.pdf,70,VALIDAÇÃO NECESSÁRIA,VALIDAÇÃO NECESSÁRIA,VALIDAÇÃO NECESSÁRIA,soprano,uma oitava acima,VALIDAÇÃO NECESSÁRIA,VALIDAÇÃO NECESSÁRIA,VALIDAÇÃO NECESSÁRIA,
338,O Senhor é sempiterno,Hinário CCB nº 5,Hinario-CCB-5-orgao_301_a_400.pdf,72,VALIDAÇÃO NECESSÁRIA,VALIDAÇÃO NECESSÁRIA,VALIDAÇÃO NECESSÁRIA,soprano,uma oitava acima,VALIDAÇÃO NECESSÁRIA,VALIDAÇÃO NECESSÁRIA,VALIDAÇÃO NECESSÁRIA,
339,Glória sem par,Hinário CCB nº 5,Hinario-CCB-5-orgao_301_a_400.pdf,73,VALIDAÇÃO NECESSÁRIA,VALIDAÇÃO NECESSÁRIA,VALIDAÇÃO NECESSÁRIA,soprano,uma oitava acima,VALIDAÇÃO NECESSÁRIA,VALIDAÇÃO NECESSÁRIA,VALIDAÇÃO NECESSÁRIA,
340,No mundo sou peregrino,Hinário CCB nº 5,Hinario-CCB-5-orgao_301_a_400.pdf,74,VALIDAÇÃO NECESSÁRIA,VALIDAÇÃO NECESSÁRIA,VALIDAÇÃO NECESSÁRIA,soprano,uma oitava acima,VALIDAÇÃO NECESSÁRIA,VALIDAÇÃO NECESSÁRIA,VALIDAÇÃO NECESSÁRIA,
341,Com fé espera no Senhor,Hinário CCB nº 5,Hinario-CCB-5-orgao_301_a_400.pdf,75,VALIDAÇÃO NECESSÁRIA,VALIDAÇÃO NECESSÁRIA,VALIDAÇÃO NECESSÁRIA,soprano,uma oitava acima,VALIDAÇÃO NECESSÁRIA,VALIDAÇÃO NECESSÁRIA,VALIDAÇÃO NECESSÁRIA,
342,Sião celestial,Hinário CCB nº 5,Hinario-CCB-5-orgao_301_a_400.pdf,76,VALIDAÇÃO NECESSÁRIA,VALIDAÇÃO NECESSÁRIA,VALIDAÇÃO NECESSÁRIA,soprano,uma oitava acima,VALIDAÇÃO NECESSÁRIA,VALIDAÇÃO NECESSÁRIA,VALIDAÇÃO NECESSÁRIA,
343,Lá no céu cantaremos,Hinário CCB nº 5,Hinario-CCB-5-orgao_301_a_400.pdf,78,VALIDAÇÃO NECESSÁRIA,VALIDAÇÃO NECESSÁRIA,VALIDAÇÃO NECESSÁRIA,soprano,uma oitava acima,VALIDAÇÃO NECESSÁRIA,VALIDAÇÃO NECESSÁRIA,VALIDAÇÃO NECESSÁRIA,
344,Vou encontrar meu Deus,Hinário CCB nº 5,Hinario-CCB-5-orgao_301_a_400.pdf,79,VALIDAÇÃO NECESSÁRIA,VALIDAÇÃO NECESSÁRIA,VALIDAÇÃO NECESSÁRIA,soprano,uma oitava acima,VALIDAÇÃO NECESSÁRIA,VALIDAÇÃO NECESSÁRIA,VALIDAÇÃO NECESSÁRIA,
345,Regozijo-me em falar do Salvador,Hinário CCB nº 5,Hinario-CCB-5-orgao_301_a_400.pdf,80,VALIDAÇÃO NECESSÁRIA,VALIDAÇÃO NECESSÁRIA,VALIDAÇÃO NECESSÁRIA,soprano,uma oitava acima,VALIDAÇÃO NECESSÁRIA,VALIDAÇÃO NECESSÁRIA,VALIDAÇÃO NECESSÁRIA,
346,Longe do mal e perto de Ti,Hinário CCB nº 5,Hinario-CCB-5-orgao_301_a_400.pdf,81,VALIDAÇÃO NECESSÁRIA,VALIDAÇÃO NECESSÁRIA,VALIDAÇÃO NECESSÁRIA,soprano,uma oitava acima,VALIDAÇÃO NECESSÁRIA,VALIDAÇÃO NECESSÁRIA,VALIDAÇÃO NECESSÁRIA,
347,"Ontem, hoje e eternamente",Hinário CCB nº 5,Hinario-CCB-5-orgao_301_a_400.pdf,82,VALIDAÇÃO NECESSÁRIA,VALIDAÇÃO NECESSÁRIA,VALIDAÇÃO NECESSÁRIA,soprano,uma oitava acima,VALIDAÇÃO NECESSÁRIA,VALIDAÇÃO NECESSÁRIA,VALIDAÇÃO NECESSÁRIA,
348,"Em Cristo espera, sem vacilar",Hinário CCB nº 5,Hinario-CCB-5-orgao_301_a_400.pdf,84,VALIDAÇÃO NECESSÁRIA,VALIDAÇÃO NECESSÁRIA,VALIDAÇÃO NECESSÁRIA,soprano,uma oitava acima,VALIDAÇÃO NECESSÁRIA,VALIDAÇÃO NECESSÁRIA,VALIDAÇÃO NECESSÁRIA,
349,Irmãos amados,Hinário CCB nº 5,Hinario-CCB-5-orgao_301_a_400.pdf,85,VALIDAÇÃO NECESSÁRIA,VALIDAÇÃO NECESSÁRIA,VALIDAÇÃO NECESSÁRIA,soprano,uma oitava acima,VALIDAÇÃO NECESSÁRIA,VALIDAÇÃO NECESSÁRIA,VALIDAÇÃO NECESSÁRIA,
350,A jornada farei,Hinário CCB nº 5,Hinario-CCB-5-orgao_301_a_400.pdf,86,VALIDAÇÃO NECESSÁRIA,VALIDAÇÃO NECESSÁRIA,VALIDAÇÃO NECESSÁRIA,soprano,uma oitava acima,VALIDAÇÃO NECESSÁRIA,VALIDAÇÃO NECESSÁRIA,VALIDAÇÃO NECESSÁRIA,
351,"Senhor, à Tua presença",Hinário CCB nº 5,Hinario-CCB-5-orgao_301_a_400.pdf,87,VALIDAÇÃO NECESSÁRIA,VALIDAÇÃO NECESSÁRIA,VALIDAÇÃO NECESSÁRIA,soprano,uma oitava acima,VALIDAÇÃO NECESSÁRIA,VALIDAÇÃO NECESSÁRIA,VALIDAÇÃO NECESSÁRIA,
352,Sinto viva esperança,Hinário CCB nº 5,Hinario-CCB-5-orgao_301_a_400.pdf,88,VALIDAÇÃO NECESSÁRIA,VALIDAÇÃO NECESSÁRIA,VALIDAÇÃO NECESSÁRIA,soprano,uma oitava acima,VALIDAÇÃO NECESSÁRIA,VALIDAÇÃO NECESSÁRIA,VALIDAÇÃO NECESSÁRIA,
353,Eleitos nós somos,Hinário CCB nº 5,Hinario-CCB-5-orgao_301_a_400.pdf,89,VALIDAÇÃO NECESSÁRIA,VALIDAÇÃO NECESSÁRIA,VALIDAÇÃO NECESSÁRIA,soprano,uma oitava acima,VALIDAÇÃO NECESSÁRIA,VALIDAÇÃO NECESSÁRIA,VALIDAÇÃO NECESSÁRIA,
354,Jerusalém celestial!,Hinário CCB nº 5,Hinario-CCB-5-orgao_301_a_400.pdf,90,VALIDAÇÃO NECESSÁRIA,VALIDAÇÃO NECESSÁRIA,VALIDAÇÃO NECESSÁRIA,soprano,uma oitava acima,VALIDAÇÃO NECESSÁRIA,VALIDAÇÃO NECESSÁRIA,VALIDAÇÃO NECESSÁRIA,
355,"A Ti, Deus, eu consagrei-me",Hinário CCB nº 5,Hinario-CCB-5-orgao_301_a_400.pdf,91,VALIDAÇÃO NECESSÁRIA,VALIDAÇÃO NECESSÁRIA,VALIDAÇÃO NECESSÁRIA,soprano,uma oitava acima,VALIDAÇÃO NECESSÁRIA,VALIDAÇÃO NECESSÁRIA,VALIDAÇÃO NECESSÁRIA,
356,Por preço elevado Jesus resgatou-me,Hinário CCB nº 5,Hinario-CCB-5-orgao_301_a_400.pdf,92,VALIDAÇÃO NECESSÁRIA,VALIDAÇÃO NECESSÁRIA,VALIDAÇÃO NECESSÁRIA,soprano,uma oitava acima,VALIDAÇÃO NECESSÁRIA,VALIDAÇÃO NECESSÁRIA,VALIDAÇÃO NECESSÁRIA,
357,Face a face O verei,Hinário CCB nº 5,Hinario-CCB-5-orgao_301_a_400.pdf,93,VALIDAÇÃO NECESSÁRIA,VALIDAÇÃO NECESSÁRIA,VALIDAÇÃO NECESSÁRIA,soprano,uma oitava acima,VALIDAÇÃO NECESSÁRIA,VALIDAÇÃO NECESSÁRIA,VALIDAÇÃO NECESSÁRIA,
358,O Teu precioso sangue,Hinário CCB nº 5,Hinario-CCB-5-orgao_301_a_400.pdf,94,VALIDAÇÃO NECESSÁRIA,VALIDAÇÃO NECESSÁRIA,VALIDAÇÃO NECESSÁRIA,soprano,uma oitava acima,VALIDAÇÃO NECESSÁRIA,VALIDAÇÃO NECESSÁRIA,VALIDAÇÃO NECESSÁRIA,
359,"Ó irmãos, de Deus diletos",Hinário CCB nº 5,Hinario-CCB-5-orgao_301_a_400.pdf,95,VALIDAÇÃO NECESSÁRIA,VALIDAÇÃO NECESSÁRIA,VALIDAÇÃO NECESSÁRIA,soprano,uma oitava acima,VALIDAÇÃO NECESSÁRIA,VALIDAÇÃO NECESSÁRIA,VALIDAÇÃO NECESSÁRIA,
360,Do mal apartados devemos estar,Hinário CCB nº 5,Hinario-CCB-5-orgao_301_a_400.pdf,96,VALIDAÇÃO NECESSÁRIA,VALIDAÇÃO NECESSÁRIA,VALIDAÇÃO NECESSÁRIA,soprano,uma oitava acima,VALIDAÇÃO NECESSÁRIA,VALIDAÇÃO NECESSÁRIA,VALIDAÇÃO NECESSÁRIA,
361,Tudo entende o Salvador,Hinário CCB nº 5,Hinario-CCB-5-orgao_301_a_400.pdf,97,VALIDAÇÃO NECESSÁRIA,VALIDAÇÃO NECESSÁRIA,VALIDAÇÃO NECESSÁRIA,soprano,uma oitava acima,VALIDAÇÃO NECESSÁRIA,VALIDAÇÃO NECESSÁRIA,VALIDAÇÃO NECESSÁRIA,
362,Que bela herança!,Hinário CCB nº 5,Hinario-CCB-5-orgao_301_a_400.pdf,98,VALIDAÇÃO NECESSÁRIA,VALIDAÇÃO NECESSÁRIA,VALIDAÇÃO NECESSÁRIA,soprano,uma oitava acima,VALIDAÇÃO NECESSÁRIA,VALIDAÇÃO NECESSÁRIA,VALIDAÇÃO NECESSÁRIA,
363,"Aos Teus pés estou, Senhor",Hinário CCB nº 5,Hinario-CCB-5-orgao_301_a_400.pdf,99,VALIDAÇÃO NECESSÁRIA,VALIDAÇÃO NECESSÁRIA,VALIDAÇÃO NECESSÁRIA,soprano,uma oitava acima,VALIDAÇÃO NECESSÁRIA,VALIDAÇÃO NECESSÁRIA,VALIDAÇÃO NECESSÁRIA,
364,Os tempos já chegados são...,Hinário CCB nº 5,Hinario-CCB-5-orgao_301_a_400.pdf,100,VALIDAÇÃO NECESSÁRIA,VALIDAÇÃO NECESSÁRIA,VALIDAÇÃO NECESSÁRIA,soprano,uma oitava acima,VALIDAÇÃO NECESSÁRIA,VALIDAÇÃO NECESSÁRIA,VALIDAÇÃO NECESSÁRIA,
460,Vamos todos juntos cantar,Hinário CCB nº 5,Hinario-CCB-5-orgao_501-535.pdf,1,VALIDAÇÃO NECESSÁRIA,VALIDAÇÃO NECESSÁRIA,VALIDAÇÃO NECESSÁRIA,soprano,uma oitava acima,VALIDAÇÃO NECESSÁRIA,VALIDAÇÃO NECESSÁRIA,VALIDAÇÃO NECESSÁRIA,
461,Abrigado em Jesus,Hinário CCB nº 5,Hinario-CCB-5-orgao_501-535.pdf,2,VALIDAÇÃO NECESSÁRIA,VALIDAÇÃO NECESSÁRIA,VALIDAÇÃO NECESSÁRIA,soprano,uma oitava acima,VALIDAÇÃO NECESSÁRIA,VALIDAÇÃO NECESSÁRIA,VALIDAÇÃO NECESSÁRIA,
462,Gloriosa é a história,Hinário CCB nº 5,Hinario-CCB-5-orgao_501-535.pdf,3,VALIDAÇÃO NECESSÁRIA,VALIDAÇÃO NECESSÁRIA,VALIDAÇÃO NECESSÁRIA,soprano,uma oitava acima,VALIDAÇÃO NECESSÁRIA,VALIDAÇÃO NECESSÁRIA,VALIDAÇÃO NECESSÁRIA,
463,Mocidade! Vamos combater!,Hinário CCB nº 5,Hinario-CCB-5-orgao_501-535.pdf,4,VALIDAÇÃO NECESSÁRIA,VALIDAÇÃO NECESSÁRIA,VALIDAÇÃO NECESSÁRIA,soprano,uma oitava acima,VALIDAÇÃO NECESSÁRIA,VALIDAÇÃO NECESSÁRIA,VALIDAÇÃO NECESSÁRIA,
464,Reunidos nós estamos,Hinário CCB nº 5,Hinario-CCB-5-orgao_501-535.pdf,5,VALIDAÇÃO NECESSÁRIA,VALIDAÇÃO NECESSÁRIA,VALIDAÇÃO NECESSÁRIA,soprano,uma oitava acima,VALIDAÇÃO NECESSÁRIA,VALIDAÇÃO NECESSÁRIA,VALIDAÇÃO NECESSÁRIA,
465,Deus tem por nós imenso amor,Hinário CCB nº 5,Hinario-CCB-5-orgao_501-535.pdf,6,VALIDAÇÃO NECESSÁRIA,VALIDAÇÃO NECESSÁRIA,VALIDAÇÃO NECESSÁRIA,soprano,uma oitava acima,VALIDAÇÃO NECESSÁRIA,VALIDAÇÃO NECESSÁRIA,VALIDAÇÃO NECESSÁRIA,
466,A criança consagrada,Hinário CCB nº 5,Hinario-CCB-5-orgao_501-535.pdf,7,VALIDAÇÃO NECESSÁRIA,VALIDAÇÃO NECESSÁRIA,VALIDAÇÃO NECESSÁRIA,soprano,uma oitava acima,VALIDAÇÃO NECESSÁRIA,VALIDAÇÃO NECESSÁRIA,VALIDAÇÃO NECESSÁRIA,
467,Vamos com Jesus,Hinário CCB nº 5,Hinario-CCB-5-orgao_501-535.pdf,8,VALIDAÇÃO NECESSÁRIA,VALIDAÇÃO NECESSÁRIA,VALIDAÇÃO NECESSÁRIA,soprano,uma oitava acima,VALIDAÇÃO NECESSÁRIA,VALIDAÇÃO NECESSÁRIA,VALIDAÇÃO NECESSÁRIA,
468,Toda a criança...,Hinário CCB nº 5,Hinario-CCB-5-orgao_501-535.pdf,9,VALIDAÇÃO NECESSÁRIA,VALIDAÇÃO NECESSÁRIA,VALIDAÇÃO NECESSÁRIA,soprano,uma oitava acima,VALIDAÇÃO NECESSÁRIA,VALIDAÇÃO NECESSÁRIA,VALIDAÇÃO NECESSÁRIA,
469,"Pai nosso, que estás nos céus",Hinário CCB nº 5,Hinario-CCB-5-orgao_501-535.pdf,10,VALIDAÇÃO NECESSÁRIA,VALIDAÇÃO NECESSÁRIA,VALIDAÇÃO NECESSÁRIA,soprano,uma oitava acima,VALIDAÇÃO NECESSÁRIA,VALIDAÇÃO NECESSÁRIA,VALIDAÇÃO NECESSÁRIA,
470,"Jesus Cristo, Seus fiéis, ensina",Hinário CCB nº 5,Hinario-CCB-5-orgao_501-535.pdf,11,VALIDAÇÃO NECESSÁRIA,VALIDAÇÃO NECESSÁRIA,VALIDAÇÃO NECESSÁRIA,soprano,uma oitava acima,VALIDAÇÃO NECESSÁRIA,VALIDAÇÃO NECESSÁRIA,VALIDAÇÃO NECESSÁRIA,
471,Que grande bem é andar com Cristo!,Hinário CCB nº 5,Hinario-CCB-5-orgao_501-535.pdf,12,VALIDAÇÃO NECESSÁRIA,VALIDAÇÃO NECESSÁRIA,VALIDAÇÃO NECESSÁRIA,soprano,uma oitava acima,VALIDAÇÃO NECESSÁRIA,VALIDAÇÃO NECESSÁRIA,VALIDAÇÃO NECESSÁRIA,
472,"Glorificarei, glorificarei",Hinário CCB nº 5,Hinario-CCB-5-orgao_501-535.pdf,13,VALIDAÇÃO NECESSÁRIA,VALIDAÇÃO NECESSÁRIA,VALIDAÇÃO NECESSÁRIA,soprano,uma oitava acima,VALIDAÇÃO NECESSÁRIA,VALIDAÇÃO NECESSÁRIA,VALIDAÇÃO NECESSÁRIA,
473,Forasteiro sou no mundo,Hinário CCB nº 5,Hinario-CCB-5-orgao_501-535.pdf,14,VALIDAÇÃO NECESSÁRIA,VALIDAÇÃO NECESSÁRIA,VALIDAÇÃO NECESSÁRIA,soprano,uma oitava acima,VALIDAÇÃO NECESSÁRIA,VALIDAÇÃO NECESSÁRIA,VALIDAÇÃO NECESSÁRIA,
474,Oh! Glória! Bendito é o Senhor!,Hinário CCB nº 5,Hinario-CCB-5-orgao_501-535.pdf,15,VALIDAÇÃO NECESSÁRIA,VALIDAÇÃO NECESSÁRIA,VALIDAÇÃO NECESSÁRIA,soprano,uma oitava acima,VALIDAÇÃO NECESSÁRIA,VALIDAÇÃO NECESSÁRIA,VALIDAÇÃO NECESSÁRIA,
475,Se eu for aqui provado,Hinário CCB nº 5,Hinario-CCB-5-orgao_501-535.pdf,16,VALIDAÇÃO NECESSÁRIA,VALIDAÇÃO NECESSÁRIA,VALIDAÇÃO NECESSÁRIA,soprano,uma oitava acima,VALIDAÇÃO NECESSÁRIA,VALIDAÇÃO NECESSÁRIA,VALIDAÇÃO NECESSÁRIA,
476,"""Deixai a Mim vir os pequeninos...""",Hinário CCB nº 5,Hinario-CCB-5-orgao_501-535.pdf,17,VALIDAÇÃO NECESSÁRIA,VALIDAÇÃO NECESSÁRIA,VALIDAÇÃO NECESSÁRIA,soprano,uma oitava acima,VALIDAÇÃO NECESSÁRIA,VALIDAÇÃO NECESSÁRIA,VALIDAÇÃO NECESSÁRIA,
477,"Vinde, crianças",Hinário CCB nº 5,Hinario-CCB-5-orgao_501-535.pdf,18,VALIDAÇÃO NECESSÁRIA,VALIDAÇÃO NECESSÁRIA,VALIDAÇÃO NECESSÁRIA,soprano,uma oitava acima,VALIDAÇÃO NECESSÁRIA,VALIDAÇÃO NECESSÁRIA,VALIDAÇÃO NECESSÁRIA,
478,Cedo retorna o Senhor,Hinário CCB nº 5,Hinario-CCB-5-orgao_501-535.pdf,19,VALIDAÇÃO NECESSÁRIA,VALIDAÇÃO NECESSÁRIA,VALIDAÇÃO NECESSÁRIA,soprano,uma oitava acima,VALIDAÇÃO NECESSÁRIA,VALIDAÇÃO NECESSÁRIA,VALIDAÇÃO NECESSÁRIA,
479,Somos jovens consagrados,Hinário CCB nº 5,Hinario-CCB-5-orgao_501-535.pdf,20,VALIDAÇÃO NECESSÁRIA,VALIDAÇÃO NECESSÁRIA,VALIDAÇÃO NECESSÁRIA,soprano,uma oitava acima,VALIDAÇÃO NECESSÁRIA,VALIDAÇÃO NECESSÁRIA,VALIDAÇÃO NECESSÁRIA,
480,"Jovens, amai o conselho",Hinário CCB nº 5,Hinario-CCB-5-orgao_501-535.pdf,21,VALIDAÇÃO NECESSÁRIA,VALIDAÇÃO NECESSÁRIA,VALIDAÇÃO NECESSÁRIA,soprano,uma oitava acima,VALIDAÇÃO NECESSÁRIA,VALIDAÇÃO NECESSÁRIA,VALIDAÇÃO NECESSÁRIA,
1,Aleluia! Aleluia!,Hinário CCB nº 5,Hinario-CCB-5-orgao_501-535.pdf,32,VALIDAÇÃO NECESSÁRIA,VALIDAÇÃO NECESSÁRIA,VALIDAÇÃO NECESSÁRIA,soprano,uma oitava acima,VALIDAÇÃO NECESSÁRIA,VALIDAÇÃO NECESSÁRIA,VALIDAÇÃO NECESSÁRIA,CORO
2,Toda a glória a Jesus,Hinário CCB nº 5,Hinario-CCB-5-orgao_501-535.pdf,33,VALIDAÇÃO NECESSÁRIA,VALIDAÇÃO NECESSÁRIA,VALIDAÇÃO NECESSÁRIA,soprano,uma oitava acima,VALIDAÇÃO NECESSÁRIA,VALIDAÇÃO NECESSÁRIA,VALIDAÇÃO NECESSÁRIA,CORO
3,Ação de graças darei,Hinário CCB nº 5,Hinario-CCB-5-orgao_501-535.pdf,33,VALIDAÇÃO NECESSÁRIA,VALIDAÇÃO NECESSÁRIA,VALIDAÇÃO NECESSÁRIA,soprano,uma oitava acima,VALIDAÇÃO NECESSÁRIA,VALIDAÇÃO NECESSÁRIA,VALIDAÇÃO NECESSÁRIA,CORO
4,"Glória, glória nas alturas!",Hinário CCB nº 5,Hinario-CCB-5-orgao_501-535.pdf,34,VALIDAÇÃO NECESSÁRIA,VALIDAÇÃO NECESSÁRIA,VALIDAÇÃO NECESSÁRIA,soprano,uma oitava acima,VALIDAÇÃO NECESSÁRIA,VALIDAÇÃO NECESSÁRIA,VALIDAÇÃO NECESSÁRIA,CORO
5,Majestoso é Cristo Jesus!,Hinário CCB nº 5,Hinario-CCB-5-orgao_501-535.pdf,34,VALIDAÇÃO NECESSÁRIA,VALIDAÇÃO NECESSÁRIA,VALIDAÇÃO NECESSÁRIA,soprano,uma oitava acima,VALIDAÇÃO NECESSÁRIA,VALIDAÇÃO NECESSÁRIA,VALIDAÇÃO NECESSÁRIA,CORO
6,A Jesus eu cantarei louvor,Hinário CCB nº 5,Hinario-CCB-5-orgao_501-535.pdf,35,VALIDAÇÃO NECESSÁRIA,VALIDAÇÃO NECESSÁRIA,VALIDAÇÃO NECESSÁRIA,soprano,uma oitava acima,VALIDAÇÃO NECESSÁRIA,VALIDAÇÃO NECESSÁRIA,VALIDAÇÃO NECESSÁRIA,CORO
